#
# There is insufficient memory for the Java Runtime Environment to continue.
# Native memory allocation (malloc) failed to allocate 1048576 bytes. Error detail: AllocateHeap
# Possible reasons:
#   The system is out of physical RAM or swap space
#   This process is running with CompressedOops enabled, and the Java Heap may be blocking the growth of the native heap
# Possible solutions:
#   Reduce memory load on the system
#   Increase physical memory or swap space
#   Check if swap backing store is full
#   Decrease Java heap size (-Xmx/-Xms)
#   Decrease number of Java threads
#   Decrease Java thread stack sizes (-Xss)
#   Set larger code cache with -XX:ReservedCodeCacheSize=
#   JVM is running with Unscaled Compressed Oops mode in which the Java heap is
#     placed in the first 4GB address space. The Java Heap base address is the
#     maximum limit for the native heap growth. Please use -XX:HeapBaseMinAddress
#     to set the Java Heap base and to place the Java Heap above 4GB virtual address.
# This output file may be truncated or incomplete.
#
#  Out of Memory Error (allocation.cpp:44), pid=9164, tid=8304
#
# JRE version: OpenJDK Runtime Environment Microsoft-13106404 (21.0.10+7) (build 21.0.10+7-LTS)
# Java VM: OpenJDK 64-Bit Server VM Microsoft-13106404 (21.0.10+7-LTS, mixed mode, sharing, tiered, compressed oops, compressed class ptrs, g1 gc, windows-amd64)
# No core dump will be written. Minidumps are not enabled by default on client versions of Windows
#

---------------  S U M M A R Y ------------

Command Line: -javaagent:C:\Program Files\JetBrains\IntelliJ IDEA Community Edition 2025.2.1\lib\idea_rt.jar=62163 -Dfile.encoding=UTF-8 -Dsun.stdout.encoding=UTF-8 -Dsun.stderr.encoding=UTF-8 mcp.client.Start

Host: AMD Ryzen 3 3250U with Radeon Graphics         , 4 cores, 5G,  Windows 10 , 64 bit Build 17763 (10.0.17763.8276)
Time: Tue May 12 11:34:35 2026 RTZ 2 (зима) elapsed time: 1824.624459 seconds (0d 0h 30m 24s)

---------------  T H R E A D  ---------------

Current thread (0x00000209ff1cf430):  VMThread "VM Thread"          [id=8304, stack(0x000000ef43600000,0x000000ef43700000) (1024K)]

Stack: [0x000000ef43600000,0x000000ef43700000]
Native frames: (J=compiled Java code, j=interpreted, Vv=VM code, C=native code)
V  [jvm.dll+0x6dfe69]  (no source info available)
V  [jvm.dll+0x8bfe4b]  (no source info available)
V  [jvm.dll+0x8c23da]  (no source info available)
V  [jvm.dll+0x8c2ab3]  (no source info available)
V  [jvm.dll+0x28a9e6]  (no source info available)
V  [jvm.dll+0xc3c07]  (no source info available)
V  [jvm.dll+0x357ab2]  (no source info available)
V  [jvm.dll+0x35285e]  (no source info available)
V  [jvm.dll+0x33ad77]  (no source info available)
V  [jvm.dll+0x37e034]  (no source info available)
V  [jvm.dll+0x8c881f]  (no source info available)
V  [jvm.dll+0x8c9d03]  (no source info available)
V  [jvm.dll+0x8ca274]  (no source info available)
V  [jvm.dll+0x8ca373]  (no source info available)
V  [jvm.dll+0x86ab8d]  (no source info available)
V  [jvm.dll+0x6e141d]  (no source info available)
C  [ucrtbase.dll+0x2268a]  (no source info available)
C  [KERNEL32.DLL+0x17ac4]  (no source info available)
C  [ntdll.dll+0x5a8c1]  (no source info available)

VM_Operation (0x000000ef42ffecd0): G1CollectFull, mode: safepoint, requested by thread 0x00000209faed2520


---------------  P R O C E S S  ---------------

Threads class SMR info:
_java_thread_list=0x0000020a9909dd90, length=38, elements={
0x00000209faed2520, 0x00000209ff1e9230, 0x00000209ff1ea300, 0x00000209ff1efa10,
0x00000209ff1f38c0, 0x00000209ff1f5ef0, 0x00000209ff1f6b00, 0x00000209ff1f8600,
0x00000209ff1fa1d0, 0x0000020997853b70, 0x0000020997798500, 0x0000020997a24bd0,
0x00000209de3a15e0, 0x00000209e1399010, 0x00000209e12e4550, 0x00000209e22ac750,
0x00000209e22ae190, 0x00000209e22a7f20, 0x00000209dd8026e0, 0x00000209dd8075a0,
0x00000209dd802d70, 0x00000209dd801330, 0x00000209dd803a90, 0x00000209dd804120,
0x00000209dd8047b0, 0x00000209dd804e40, 0x00000209dd805b60, 0x00000209dd8061f0,
0x00000209dd806f10, 0x00000209e22af540, 0x00000209e22a85b0, 0x00000209e22ac0c0,
0x00000209e22a92d0, 0x00000209e22a9960, 0x00000209e005eab0, 0x0000020a9d95d090,
0x0000020a99fc9cf0, 0x0000020a99fc8940
}

Java Threads: ( => current thread )
  0x00000209faed2520 JavaThread "Render thread"                     [_thread_blocked, id=5908, stack(0x000000ef42f00000,0x000000ef43000000) (1024K)]
  0x00000209ff1e9230 JavaThread "Reference Handler"          daemon [_thread_blocked, id=9348, stack(0x000000ef43700000,0x000000ef43800000) (1024K)]
  0x00000209ff1ea300 JavaThread "Finalizer"                  daemon [_thread_blocked, id=6768, stack(0x000000ef43800000,0x000000ef43900000) (1024K)]
  0x00000209ff1efa10 JavaThread "Signal Dispatcher"          daemon [_thread_blocked, id=8088, stack(0x000000ef43900000,0x000000ef43a00000) (1024K)]
  0x00000209ff1f38c0 JavaThread "Attach Listener"            daemon [_thread_blocked, id=4052, stack(0x000000ef43a00000,0x000000ef43b00000) (1024K)]
  0x00000209ff1f5ef0 JavaThread "Service Thread"             daemon [_thread_blocked, id=11260, stack(0x000000ef43b00000,0x000000ef43c00000) (1024K)]
  0x00000209ff1f6b00 JavaThread "Monitor Deflation Thread"   daemon [_thread_blocked, id=8288, stack(0x000000ef43c00000,0x000000ef43d00000) (1024K)]
  0x00000209ff1f8600 JavaThread "C2 CompilerThread0"         daemon [_thread_blocked, id=10572, stack(0x000000ef43d00000,0x000000ef43e00000) (1024K)]
  0x00000209ff1fa1d0 JavaThread "C1 CompilerThread0"         daemon [_thread_blocked, id=9908, stack(0x000000ef43e00000,0x000000ef43f00000) (1024K)]
  0x0000020997853b70 JavaThread "Common-Cleaner"             daemon [_thread_blocked, id=10680, stack(0x000000ef43f00000,0x000000ef44000000) (1024K)]
  0x0000020997798500 JavaThread "Monitor Ctrl-Break"         daemon [_thread_in_native, id=2656, stack(0x000000ef44000000,0x000000ef44100000) (1024K)]
  0x0000020997a24bd0 JavaThread "Notification Thread"        daemon [_thread_blocked, id=7252, stack(0x000000ef44100000,0x000000ef44200000) (1024K)]
  0x00000209de3a15e0 JavaThread "JNA Cleaner"                daemon [_thread_blocked, id=7160, stack(0x000000ef44700000,0x000000ef44800000) (1024K)]
  0x00000209e1399010 JavaThread "Timer hack thread"          daemon [_thread_blocked, id=2264, stack(0x000000ef44600000,0x000000ef44700000) (1024K)]
  0x00000209e12e4550 JavaThread "Yggdrasil Key Fetcher"      daemon [_thread_blocked, id=10040, stack(0x000000ef44b00000,0x000000ef44c00000) (1024K)]
  0x00000209e22ac750 JavaThread "Java2D Disposer"            daemon [_thread_blocked, id=8100, stack(0x000000ef45a00000,0x000000ef45b00000) (1024K)]
  0x00000209e22ae190 JavaThread "Via Async Scheduler 0"             [_thread_blocked, id=4016, stack(0x000000ef45f00000,0x000000ef46000000) (1024K)]
  0x00000209e22a7f20 JavaThread "pool-6-thread-1"                   [_thread_blocked, id=5960, stack(0x000000ef45900000,0x000000ef45a00000) (1024K)]
  0x00000209dd8026e0 JavaThread "Java Sound Event Dispatcher" daemon [_thread_blocked, id=1592, stack(0x000000ef46a00000,0x000000ef46b00000) (1024K)]
  0x00000209dd8075a0 JavaThread "IO-Worker-1"                       [_thread_blocked, id=5760, stack(0x000000ef45b00000,0x000000ef45c00000) (1024K)]
  0x00000209dd802d70 JavaThread "pool-7-thread-1"                   [_thread_blocked, id=10296, stack(0x000000ef45300000,0x000000ef45400000) (1024K)]
  0x00000209dd801330 JavaThread "Server Pinger #0"           daemon [_thread_blocked, id=9484, stack(0x000000ef46100000,0x000000ef46200000) (1024K)]
  0x00000209dd803a90 JavaThread "Server Pinger #1"           daemon [_thread_blocked, id=7372, stack(0x000000ef46200000,0x000000ef46300000) (1024K)]
  0x00000209dd804120 JavaThread "Server Pinger #2"           daemon [_thread_blocked, id=8580, stack(0x000000ef46300000,0x000000ef46400000) (1024K)]
  0x00000209dd8047b0 JavaThread "Server Pinger #3"           daemon [_thread_blocked, id=7876, stack(0x000000ef46400000,0x000000ef46500000) (1024K)]
  0x00000209dd804e40 JavaThread "Server Pinger #4"           daemon [_thread_blocked, id=11128, stack(0x000000ef46500000,0x000000ef46600000) (1024K)]
  0x00000209dd805b60 JavaThread "Jndi-Dns-address-change-listener" daemon [_thread_in_native, id=5608, stack(0x000000ef46600000,0x000000ef46700000) (1024K)]
  0x00000209dd8061f0 JavaThread "Netty NIO IO #0"            daemon [_thread_in_native, id=9396, stack(0x000000ef46b00000,0x000000ef46c00000) (1024K)]
  0x00000209dd806f10 JavaThread "Netty NIO IO #1"            daemon [_thread_in_native, id=2512, stack(0x000000ef46c00000,0x000000ef46d00000) (1024K)]
  0x00000209e22af540 JavaThread "Netty NIO IO #4"            daemon [_thread_in_native, id=6520, stack(0x000000ef47000000,0x000000ef47100000) (1024K)]
  0x00000209e22a85b0 JavaThread "Netty NIO IO #2"            daemon [_thread_in_native, id=2120, stack(0x000000ef47100000,0x000000ef47200000) (1024K)]
  0x00000209e22ac0c0 JavaThread "Netty NIO IO #3"            daemon [_thread_in_native, id=10684, stack(0x000000ef47200000,0x000000ef47300000) (1024K)]
  0x00000209e22a92d0 JavaThread "Netty NIO IO #5"            daemon [_thread_in_native, id=6900, stack(0x000000ef47300000,0x000000ef47400000) (1024K)]
  0x00000209e22a9960 JavaThread "Netty NIO IO #6"            daemon [_thread_in_native, id=10328, stack(0x000000ef45d00000,0x000000ef45e00000) (1024K)]
  0x00000209e005eab0 JavaThread "Netty NIO IO #7"            daemon [_thread_in_native, id=2480, stack(0x000000ef45e00000,0x000000ef45f00000) (1024K)]
  0x0000020a9d95d090 JavaThread "Sound engine"               daemon [_thread_blocked, id=8924, stack(0x000000ef45c00000,0x000000ef45d00000) (1024K)]
  0x0000020a99fc9cf0 JavaThread "Worker-Main-10"             daemon [_thread_blocked, id=6948, stack(0x000000ef44200000,0x000000ef44300000) (1024K)]
  0x0000020a99fc8940 JavaThread "Worker-Main-11"             daemon [_thread_blocked, id=11152, stack(0x000000ef44800000,0x000000ef44900000) (1024K)]
Total: 38

Other Threads:
=>0x00000209ff1cf430 VMThread "VM Thread"                           [id=8304, stack(0x000000ef43600000,0x000000ef43700000) (1024K)]
  0x00000209ff1bc620 WatcherThread "VM Periodic Task Thread"        [id=8116, stack(0x000000ef43500000,0x000000ef43600000) (1024K)]
  0x00000209faf19c80 WorkerThread "GC Thread#0"                     [id=1068, stack(0x000000ef43000000,0x000000ef43100000) (1024K)]
  0x00000209dd5e43e0 WorkerThread "GC Thread#1"                     [id=7460, stack(0x000000ef44300000,0x000000ef44400000) (1024K)]
  0x00000209dd8008a0 WorkerThread "GC Thread#2"                     [id=8740, stack(0x000000ef44400000,0x000000ef44500000) (1024K)]
  0x00000209dd57f3c0 WorkerThread "GC Thread#3"                     [id=10652, stack(0x000000ef44500000,0x000000ef44600000) (1024K)]
  0x00000209faf27b00 ConcurrentGCThread "G1 Main Marker"            [id=4816, stack(0x000000ef43100000,0x000000ef43200000) (1024K)]
  0x00000209faf290e0 WorkerThread "G1 Conc#0"                       [id=3916, stack(0x000000ef43200000,0x000000ef43300000) (1024K)]
  0x00000209faf8ea90 ConcurrentGCThread "G1 Refine#0"               [id=4156, stack(0x000000ef43300000,0x000000ef43400000) (1024K)]
  0x00000209ff0915f0 ConcurrentGCThread "G1 Service"                [id=8248, stack(0x000000ef43400000,0x000000ef43500000) (1024K)]
Total: 10

Threads with active compile tasks:
Total: 0

VM state: at safepoint (normal execution)

VM Mutex/Monitor currently owned by a thread:  ([mutex/lock_event])
[0x00007ffcfe1fb8a0] Threads_lock - owner thread: 0x00000209ff1cf430
[0x00007ffcfe1fb9a0] Heap_lock - owner thread: 0x00000209faed2520

Heap address: 0x00000000a1200000, size: 1518 MB, Compressed Oops mode: 32-bit

CDS archive(s) mapped at: [0x0000020998000000-0x0000020998c80000-0x0000020998c80000), size 13107200, SharedBaseAddress: 0x0000020998000000, ArchiveRelocationMode: 1.
Compressed class space mapped at: 0x0000020999000000-0x00000209d9000000, reserved size: 1073741824
Narrow klass base: 0x0000020998000000, Narrow klass shift: 0, Narrow klass range: 0x100000000

GC Precious Log:
 CardTable entry size: 512
 Card Set container configuration: InlinePtr #cards 5 size 8 Array Of Cards #cards 12 size 40 Howl #buckets 4 coarsen threshold 1843 Howl Bitmap #cards 512 size 80 coarsen threshold 460 Card regions per heap region 1 cards per card region 2048
 CPUs: 4 total, 4 available
 Memory: 6064M
 Large Page Support: Disabled
 NUMA Support: Disabled
 Compressed Oops: Enabled (32-bit)
 Heap Region Size: 1M
 Heap Min Capacity: 8M
 Heap Initial Capacity: 96M
 Heap Max Capacity: 1518M
 Pre-touch: Disabled
 Parallel Workers: 4
 Concurrent Workers: 1
 Concurrent Refinement Workers: 4
 Periodic GC: Disabled

Heap:
 garbage-first heap   total 880640K, used 703711K [0x00000000a1200000, 0x0000000100000000)
  region size 1024K, 392 young (401408K), 1 survivors (1024K)
 Metaspace       used 145965K, committed 147712K, reserved 1179648K
  class space    used 22316K, committed 23040K, reserved 1048576K

Heap Regions: E=young(eden), S=young(survivor), O=old, HS=humongous(starts), HC=humongous(continues), CS=collection set, F=free, TAMS=top-at-mark-start, PB=parsable bottom
|   0|0x00000000a1200000, 0x00000000a1300000, 0x00000000a1300000|100%|HS|  |TAMS 0x00000000a1200000| PB 0x00000000a1200000| Complete 
|   1|0x00000000a1300000, 0x00000000a1400000, 0x00000000a1400000|100%|HC|  |TAMS 0x00000000a1300000| PB 0x00000000a1300000| Complete 
|   2|0x00000000a1400000, 0x00000000a1500000, 0x00000000a1500000|100%| O|  |TAMS 0x00000000a1400000| PB 0x00000000a1400000| Untracked 
|   3|0x00000000a1500000, 0x00000000a1600000, 0x00000000a1600000|100%| O|  |TAMS 0x00000000a1500000| PB 0x00000000a1500000| Untracked 
|   4|0x00000000a1600000, 0x00000000a1700000, 0x00000000a1700000|100%| O|  |TAMS 0x00000000a1600000| PB 0x00000000a1600000| Untracked 
|   5|0x00000000a1700000, 0x00000000a1800000, 0x00000000a1800000|100%| O|  |TAMS 0x00000000a1700000| PB 0x00000000a1700000| Untracked 
|   6|0x00000000a1800000, 0x00000000a1900000, 0x00000000a1900000|100%| O|  |TAMS 0x00000000a1800000| PB 0x00000000a1800000| Untracked 
|   7|0x00000000a1900000, 0x00000000a1a00000, 0x00000000a1a00000|100%| O|  |TAMS 0x00000000a1900000| PB 0x00000000a1900000| Untracked 
|   8|0x00000000a1a00000, 0x00000000a1b00000, 0x00000000a1b00000|100%|HS|  |TAMS 0x00000000a1a00000| PB 0x00000000a1a00000| Complete 
|   9|0x00000000a1b00000, 0x00000000a1c00000, 0x00000000a1c00000|100%|HC|  |TAMS 0x00000000a1b00000| PB 0x00000000a1b00000| Complete 
|  10|0x00000000a1c00000, 0x00000000a1d00000, 0x00000000a1d00000|100%|HC|  |TAMS 0x00000000a1c00000| PB 0x00000000a1c00000| Complete 
|  11|0x00000000a1d00000, 0x00000000a1e00000, 0x00000000a1e00000|100%|HC|  |TAMS 0x00000000a1d00000| PB 0x00000000a1d00000| Complete 
|  12|0x00000000a1e00000, 0x00000000a1f00000, 0x00000000a1f00000|100%|HC|  |TAMS 0x00000000a1e00000| PB 0x00000000a1e00000| Complete 
|  13|0x00000000a1f00000, 0x00000000a2000000, 0x00000000a2000000|100%|HC|  |TAMS 0x00000000a1f00000| PB 0x00000000a1f00000| Complete 
|  14|0x00000000a2000000, 0x00000000a2100000, 0x00000000a2100000|100%|HC|  |TAMS 0x00000000a2000000| PB 0x00000000a2000000| Complete 
|  15|0x00000000a2100000, 0x00000000a2200000, 0x00000000a2200000|100%|HC|  |TAMS 0x00000000a2100000| PB 0x00000000a2100000| Complete 
|  16|0x00000000a2200000, 0x00000000a2300000, 0x00000000a2300000|100%|HC|  |TAMS 0x00000000a2200000| PB 0x00000000a2200000| Complete 
|  17|0x00000000a2300000, 0x00000000a2400000, 0x00000000a2400000|100%|HC|  |TAMS 0x00000000a2300000| PB 0x00000000a2300000| Complete 
|  18|0x00000000a2400000, 0x00000000a2500000, 0x00000000a2500000|100%|HC|  |TAMS 0x00000000a2400000| PB 0x00000000a2400000| Complete 
|  19|0x00000000a2500000, 0x00000000a2600000, 0x00000000a2600000|100%| O|  |TAMS 0x00000000a2500000| PB 0x00000000a2500000| Untracked 
|  20|0x00000000a2600000, 0x00000000a2700000, 0x00000000a2700000|100%| O|  |TAMS 0x00000000a2600000| PB 0x00000000a2600000| Untracked 
|  21|0x00000000a2700000, 0x00000000a2800000, 0x00000000a2800000|100%| O|  |TAMS 0x00000000a2700000| PB 0x00000000a2700000| Untracked 
|  22|0x00000000a2800000, 0x00000000a2900000, 0x00000000a2900000|100%| O|  |TAMS 0x00000000a2800000| PB 0x00000000a2800000| Untracked 
|  23|0x00000000a2900000, 0x00000000a2a00000, 0x00000000a2a00000|100%| O|  |TAMS 0x00000000a2900000| PB 0x00000000a2900000| Untracked 
|  24|0x00000000a2a00000, 0x00000000a2b00000, 0x00000000a2b00000|100%| O|  |TAMS 0x00000000a2a00000| PB 0x00000000a2a00000| Untracked 
|  25|0x00000000a2b00000, 0x00000000a2c00000, 0x00000000a2c00000|100%| O|  |TAMS 0x00000000a2b00000| PB 0x00000000a2b00000| Untracked 
|  26|0x00000000a2c00000, 0x00000000a2d00000, 0x00000000a2d00000|100%| O|  |TAMS 0x00000000a2c00000| PB 0x00000000a2c00000| Untracked 
|  27|0x00000000a2d00000, 0x00000000a2e00000, 0x00000000a2e00000|100%| O|  |TAMS 0x00000000a2d00000| PB 0x00000000a2d00000| Untracked 
|  28|0x00000000a2e00000, 0x00000000a2f00000, 0x00000000a2f00000|100%| O|  |TAMS 0x00000000a2e00000| PB 0x00000000a2e00000| Untracked 
|  29|0x00000000a2f00000, 0x00000000a3000000, 0x00000000a3000000|100%| O|  |TAMS 0x00000000a2f00000| PB 0x00000000a2f00000| Untracked 
|  30|0x00000000a3000000, 0x00000000a3100000, 0x00000000a3100000|100%| O|  |TAMS 0x00000000a3000000| PB 0x00000000a3000000| Untracked 
|  31|0x00000000a3100000, 0x00000000a3200000, 0x00000000a3200000|100%| O|  |TAMS 0x00000000a3100000| PB 0x00000000a3100000| Untracked 
|  32|0x00000000a3200000, 0x00000000a3300000, 0x00000000a3300000|100%| O|  |TAMS 0x00000000a3200000| PB 0x00000000a3200000| Untracked 
|  33|0x00000000a3300000, 0x00000000a3400000, 0x00000000a3400000|100%| O|  |TAMS 0x00000000a3300000| PB 0x00000000a3300000| Untracked 
|  34|0x00000000a3400000, 0x00000000a3500000, 0x00000000a3500000|100%| O|  |TAMS 0x00000000a3400000| PB 0x00000000a3400000| Untracked 
|  35|0x00000000a3500000, 0x00000000a3600000, 0x00000000a3600000|100%| O|  |TAMS 0x00000000a3500000| PB 0x00000000a3500000| Untracked 
|  36|0x00000000a3600000, 0x00000000a3700000, 0x00000000a3700000|100%| O|  |TAMS 0x00000000a3600000| PB 0x00000000a3600000| Untracked 
|  37|0x00000000a3700000, 0x00000000a3800000, 0x00000000a3800000|100%| O|  |TAMS 0x00000000a3700000| PB 0x00000000a3700000| Untracked 
|  38|0x00000000a3800000, 0x00000000a3900000, 0x00000000a3900000|100%| O|  |TAMS 0x00000000a3800000| PB 0x00000000a3800000| Untracked 
|  39|0x00000000a3900000, 0x00000000a3a00000, 0x00000000a3a00000|100%| O|  |TAMS 0x00000000a3900000| PB 0x00000000a3900000| Untracked 
|  40|0x00000000a3a00000, 0x00000000a3b00000, 0x00000000a3b00000|100%| O|  |TAMS 0x00000000a3a00000| PB 0x00000000a3a00000| Untracked 
|  41|0x00000000a3b00000, 0x00000000a3c00000, 0x00000000a3c00000|100%| O|  |TAMS 0x00000000a3b00000| PB 0x00000000a3b00000| Untracked 
|  42|0x00000000a3c00000, 0x00000000a3d00000, 0x00000000a3d00000|100%| O|  |TAMS 0x00000000a3c00000| PB 0x00000000a3c00000| Untracked 
|  43|0x00000000a3d00000, 0x00000000a3e00000, 0x00000000a3e00000|100%| O|  |TAMS 0x00000000a3d00000| PB 0x00000000a3d00000| Untracked 
|  44|0x00000000a3e00000, 0x00000000a3f00000, 0x00000000a3f00000|100%| O|  |TAMS 0x00000000a3e00000| PB 0x00000000a3e00000| Untracked 
|  45|0x00000000a3f00000, 0x00000000a4000000, 0x00000000a4000000|100%| O|  |TAMS 0x00000000a3f00000| PB 0x00000000a3f00000| Untracked 
|  46|0x00000000a4000000, 0x00000000a4100000, 0x00000000a4100000|100%| O|  |TAMS 0x00000000a4000000| PB 0x00000000a4000000| Untracked 
|  47|0x00000000a4100000, 0x00000000a4200000, 0x00000000a4200000|100%| O|  |TAMS 0x00000000a4100000| PB 0x00000000a4100000| Untracked 
|  48|0x00000000a4200000, 0x00000000a4300000, 0x00000000a4300000|100%| O|  |TAMS 0x00000000a4200000| PB 0x00000000a4200000| Untracked 
|  49|0x00000000a4300000, 0x00000000a4400000, 0x00000000a4400000|100%| O|  |TAMS 0x00000000a4300000| PB 0x00000000a4300000| Untracked 
|  50|0x00000000a4400000, 0x00000000a4500000, 0x00000000a4500000|100%| O|  |TAMS 0x00000000a4400000| PB 0x00000000a4400000| Untracked 
|  51|0x00000000a4500000, 0x00000000a4600000, 0x00000000a4600000|100%| O|  |TAMS 0x00000000a4500000| PB 0x00000000a4500000| Untracked 
|  52|0x00000000a4600000, 0x00000000a4700000, 0x00000000a4700000|100%| O|  |TAMS 0x00000000a4600000| PB 0x00000000a4600000| Untracked 
|  53|0x00000000a4700000, 0x00000000a4800000, 0x00000000a4800000|100%| O|  |TAMS 0x00000000a4700000| PB 0x00000000a4700000| Untracked 
|  54|0x00000000a4800000, 0x00000000a4900000, 0x00000000a4900000|100%| O|  |TAMS 0x00000000a4800000| PB 0x00000000a4800000| Untracked 
|  55|0x00000000a4900000, 0x00000000a4a00000, 0x00000000a4a00000|100%| O|  |TAMS 0x00000000a4900000| PB 0x00000000a4900000| Untracked 
|  56|0x00000000a4a00000, 0x00000000a4b00000, 0x00000000a4b00000|100%| O|  |TAMS 0x00000000a4a00000| PB 0x00000000a4a00000| Untracked 
|  57|0x00000000a4b00000, 0x00000000a4c00000, 0x00000000a4c00000|100%| O|  |TAMS 0x00000000a4b00000| PB 0x00000000a4b00000| Untracked 
|  58|0x00000000a4c00000, 0x00000000a4d00000, 0x00000000a4d00000|100%| O|  |TAMS 0x00000000a4c00000| PB 0x00000000a4c00000| Untracked 
|  59|0x00000000a4d00000, 0x00000000a4e00000, 0x00000000a4e00000|100%| O|  |TAMS 0x00000000a4d00000| PB 0x00000000a4d00000| Untracked 
|  60|0x00000000a4e00000, 0x00000000a4f00000, 0x00000000a4f00000|100%| O|  |TAMS 0x00000000a4e00000| PB 0x00000000a4e00000| Untracked 
|  61|0x00000000a4f00000, 0x00000000a5000000, 0x00000000a5000000|100%| O|  |TAMS 0x00000000a4f00000| PB 0x00000000a4f00000| Untracked 
|  62|0x00000000a5000000, 0x00000000a5100000, 0x00000000a5100000|100%| O|  |TAMS 0x00000000a5000000| PB 0x00000000a5000000| Untracked 
|  63|0x00000000a5100000, 0x00000000a5200000, 0x00000000a5200000|100%| O|  |TAMS 0x00000000a5100000| PB 0x00000000a5100000| Untracked 
|  64|0x00000000a5200000, 0x00000000a5300000, 0x00000000a5300000|100%| O|  |TAMS 0x00000000a5200000| PB 0x00000000a5200000| Untracked 
|  65|0x00000000a5300000, 0x00000000a5400000, 0x00000000a5400000|100%| O|  |TAMS 0x00000000a5300000| PB 0x00000000a5300000| Untracked 
|  66|0x00000000a5400000, 0x00000000a5500000, 0x00000000a5500000|100%| O|  |TAMS 0x00000000a5400000| PB 0x00000000a5400000| Untracked 
|  67|0x00000000a5500000, 0x00000000a5600000, 0x00000000a5600000|100%| O|  |TAMS 0x00000000a5500000| PB 0x00000000a5500000| Untracked 
|  68|0x00000000a5600000, 0x00000000a5700000, 0x00000000a5700000|100%| O|  |TAMS 0x00000000a5600000| PB 0x00000000a5600000| Untracked 
|  69|0x00000000a5700000, 0x00000000a5800000, 0x00000000a5800000|100%| O|  |TAMS 0x00000000a5700000| PB 0x00000000a5700000| Untracked 
|  70|0x00000000a5800000, 0x00000000a5900000, 0x00000000a5900000|100%| O|  |TAMS 0x00000000a5800000| PB 0x00000000a5800000| Untracked 
|  71|0x00000000a5900000, 0x00000000a5a00000, 0x00000000a5a00000|100%| O|  |TAMS 0x00000000a5900000| PB 0x00000000a5900000| Untracked 
|  72|0x00000000a5a00000, 0x00000000a5b00000, 0x00000000a5b00000|100%| O|  |TAMS 0x00000000a5a00000| PB 0x00000000a5a00000| Untracked 
|  73|0x00000000a5b00000, 0x00000000a5c00000, 0x00000000a5c00000|100%| O|  |TAMS 0x00000000a5b00000| PB 0x00000000a5b00000| Untracked 
|  74|0x00000000a5c00000, 0x00000000a5d00000, 0x00000000a5d00000|100%| O|  |TAMS 0x00000000a5c00000| PB 0x00000000a5c00000| Untracked 
|  75|0x00000000a5d00000, 0x00000000a5e00000, 0x00000000a5e00000|100%| O|  |TAMS 0x00000000a5d00000| PB 0x00000000a5d00000| Untracked 
|  76|0x00000000a5e00000, 0x00000000a5f00000, 0x00000000a5f00000|100%| O|  |TAMS 0x00000000a5e00000| PB 0x00000000a5e00000| Untracked 
|  77|0x00000000a5f00000, 0x00000000a6000000, 0x00000000a6000000|100%| O|  |TAMS 0x00000000a5f00000| PB 0x00000000a5f00000| Untracked 
|  78|0x00000000a6000000, 0x00000000a6100000, 0x00000000a6100000|100%| O|  |TAMS 0x00000000a6000000| PB 0x00000000a6000000| Untracked 
|  79|0x00000000a6100000, 0x00000000a6200000, 0x00000000a6200000|100%| O|  |TAMS 0x00000000a6100000| PB 0x00000000a6100000| Untracked 
|  80|0x00000000a6200000, 0x00000000a6300000, 0x00000000a6300000|100%| O|  |TAMS 0x00000000a6200000| PB 0x00000000a6200000| Untracked 
|  81|0x00000000a6300000, 0x00000000a6400000, 0x00000000a6400000|100%| O|  |TAMS 0x00000000a6300000| PB 0x00000000a6300000| Untracked 
|  82|0x00000000a6400000, 0x00000000a6500000, 0x00000000a6500000|100%| O|  |TAMS 0x00000000a6400000| PB 0x00000000a6400000| Untracked 
|  83|0x00000000a6500000, 0x00000000a6600000, 0x00000000a6600000|100%| O|  |TAMS 0x00000000a6500000| PB 0x00000000a6500000| Untracked 
|  84|0x00000000a6600000, 0x00000000a6700000, 0x00000000a6700000|100%| O|  |TAMS 0x00000000a6600000| PB 0x00000000a6600000| Untracked 
|  85|0x00000000a6700000, 0x00000000a6800000, 0x00000000a6800000|100%| O|  |TAMS 0x00000000a6700000| PB 0x00000000a6700000| Untracked 
|  86|0x00000000a6800000, 0x00000000a6900000, 0x00000000a6900000|100%| O|  |TAMS 0x00000000a6800000| PB 0x00000000a6800000| Untracked 
|  87|0x00000000a6900000, 0x00000000a6a00000, 0x00000000a6a00000|100%| O|  |TAMS 0x00000000a6900000| PB 0x00000000a6900000| Untracked 
|  88|0x00000000a6a00000, 0x00000000a6b00000, 0x00000000a6b00000|100%| O|  |TAMS 0x00000000a6a00000| PB 0x00000000a6a00000| Untracked 
|  89|0x00000000a6b00000, 0x00000000a6c00000, 0x00000000a6c00000|100%| O|  |TAMS 0x00000000a6b00000| PB 0x00000000a6b00000| Untracked 
|  90|0x00000000a6c00000, 0x00000000a6d00000, 0x00000000a6d00000|100%| O|  |TAMS 0x00000000a6c00000| PB 0x00000000a6c00000| Untracked 
|  91|0x00000000a6d00000, 0x00000000a6e00000, 0x00000000a6e00000|100%| O|  |TAMS 0x00000000a6d00000| PB 0x00000000a6d00000| Untracked 
|  92|0x00000000a6e00000, 0x00000000a6f00000, 0x00000000a6f00000|100%| O|  |TAMS 0x00000000a6e00000| PB 0x00000000a6e00000| Untracked 
|  93|0x00000000a6f00000, 0x00000000a7000000, 0x00000000a7000000|100%| O|  |TAMS 0x00000000a6f00000| PB 0x00000000a6f00000| Untracked 
|  94|0x00000000a7000000, 0x00000000a7100000, 0x00000000a7100000|100%| O|  |TAMS 0x00000000a7000000| PB 0x00000000a7000000| Untracked 
|  95|0x00000000a7100000, 0x00000000a7200000, 0x00000000a7200000|100%| O|  |TAMS 0x00000000a7100000| PB 0x00000000a7100000| Untracked 
|  96|0x00000000a7200000, 0x00000000a7300000, 0x00000000a7300000|100%| O|  |TAMS 0x00000000a7200000| PB 0x00000000a7200000| Untracked 
|  97|0x00000000a7300000, 0x00000000a7400000, 0x00000000a7400000|100%| O|  |TAMS 0x00000000a7300000| PB 0x00000000a7300000| Untracked 
|  98|0x00000000a7400000, 0x00000000a7500000, 0x00000000a7500000|100%| O|  |TAMS 0x00000000a7400000| PB 0x00000000a7400000| Untracked 
|  99|0x00000000a7500000, 0x00000000a7600000, 0x00000000a7600000|100%| O|  |TAMS 0x00000000a7500000| PB 0x00000000a7500000| Untracked 
| 100|0x00000000a7600000, 0x00000000a7700000, 0x00000000a7700000|100%| O|  |TAMS 0x00000000a7600000| PB 0x00000000a7600000| Untracked 
| 101|0x00000000a7700000, 0x00000000a7800000, 0x00000000a7800000|100%|HS|  |TAMS 0x00000000a7700000| PB 0x00000000a7700000| Complete 
| 102|0x00000000a7800000, 0x00000000a7900000, 0x00000000a7900000|100%|HC|  |TAMS 0x00000000a7800000| PB 0x00000000a7800000| Complete 
| 103|0x00000000a7900000, 0x00000000a7a00000, 0x00000000a7a00000|100%|HC|  |TAMS 0x00000000a7900000| PB 0x00000000a7900000| Complete 
| 104|0x00000000a7a00000, 0x00000000a7b00000, 0x00000000a7b00000|100%|HC|  |TAMS 0x00000000a7a00000| PB 0x00000000a7a00000| Complete 
| 105|0x00000000a7b00000, 0x00000000a7c00000, 0x00000000a7c00000|100%|HC|  |TAMS 0x00000000a7b00000| PB 0x00000000a7b00000| Complete 
| 106|0x00000000a7c00000, 0x00000000a7d00000, 0x00000000a7d00000|100%| O|  |TAMS 0x00000000a7c00000| PB 0x00000000a7c00000| Untracked 
| 107|0x00000000a7d00000, 0x00000000a7e00000, 0x00000000a7e00000|100%| O|  |TAMS 0x00000000a7d00000| PB 0x00000000a7d00000| Untracked 
| 108|0x00000000a7e00000, 0x00000000a7f00000, 0x00000000a7f00000|100%| O|  |TAMS 0x00000000a7e00000| PB 0x00000000a7e00000| Untracked 
| 109|0x00000000a7f00000, 0x00000000a8000000, 0x00000000a8000000|100%| O|  |TAMS 0x00000000a7f00000| PB 0x00000000a7f00000| Untracked 
| 110|0x00000000a8000000, 0x00000000a8100000, 0x00000000a8100000|100%| O|  |TAMS 0x00000000a8000000| PB 0x00000000a8000000| Untracked 
| 111|0x00000000a8100000, 0x00000000a8200000, 0x00000000a8200000|100%| O|  |TAMS 0x00000000a8100000| PB 0x00000000a8100000| Untracked 
| 112|0x00000000a8200000, 0x00000000a8300000, 0x00000000a8300000|100%| O|  |TAMS 0x00000000a8200000| PB 0x00000000a8200000| Untracked 
| 113|0x00000000a8300000, 0x00000000a8400000, 0x00000000a8400000|100%| O|  |TAMS 0x00000000a8300000| PB 0x00000000a8300000| Untracked 
| 114|0x00000000a8400000, 0x00000000a8500000, 0x00000000a8500000|100%| O|  |TAMS 0x00000000a8400000| PB 0x00000000a8400000| Untracked 
| 115|0x00000000a8500000, 0x00000000a8600000, 0x00000000a8600000|100%| O|  |TAMS 0x00000000a8500000| PB 0x00000000a8500000| Untracked 
| 116|0x00000000a8600000, 0x00000000a8700000, 0x00000000a8700000|100%| O|  |TAMS 0x00000000a8600000| PB 0x00000000a8600000| Untracked 
| 117|0x00000000a8700000, 0x00000000a8800000, 0x00000000a8800000|100%| O|  |TAMS 0x00000000a8700000| PB 0x00000000a8700000| Untracked 
| 118|0x00000000a8800000, 0x00000000a8900000, 0x00000000a8900000|100%| O|  |TAMS 0x00000000a8800000| PB 0x00000000a8800000| Untracked 
| 119|0x00000000a8900000, 0x00000000a8a00000, 0x00000000a8a00000|100%| O|  |TAMS 0x00000000a8900000| PB 0x00000000a8900000| Untracked 
| 120|0x00000000a8a00000, 0x00000000a8b00000, 0x00000000a8b00000|100%| O|  |TAMS 0x00000000a8a00000| PB 0x00000000a8a00000| Untracked 
| 121|0x00000000a8b00000, 0x00000000a8c00000, 0x00000000a8c00000|100%| O|  |TAMS 0x00000000a8b00000| PB 0x00000000a8b00000| Untracked 
| 122|0x00000000a8c00000, 0x00000000a8d00000, 0x00000000a8d00000|100%| O|  |TAMS 0x00000000a8c00000| PB 0x00000000a8c00000| Untracked 
| 123|0x00000000a8d00000, 0x00000000a8e00000, 0x00000000a8e00000|100%| O|  |TAMS 0x00000000a8d00000| PB 0x00000000a8d00000| Untracked 
| 124|0x00000000a8e00000, 0x00000000a8f00000, 0x00000000a8f00000|100%| O|  |TAMS 0x00000000a8e00000| PB 0x00000000a8e00000| Untracked 
| 125|0x00000000a8f00000, 0x00000000a9000000, 0x00000000a9000000|100%| O|  |TAMS 0x00000000a8f00000| PB 0x00000000a8f00000| Untracked 
| 126|0x00000000a9000000, 0x00000000a9100000, 0x00000000a9100000|100%| O|  |TAMS 0x00000000a9000000| PB 0x00000000a9000000| Untracked 
| 127|0x00000000a9100000, 0x00000000a9200000, 0x00000000a9200000|100%| O|  |TAMS 0x00000000a9100000| PB 0x00000000a9100000| Untracked 
| 128|0x00000000a9200000, 0x00000000a9300000, 0x00000000a9300000|100%| O|  |TAMS 0x00000000a9200000| PB 0x00000000a9200000| Untracked 
| 129|0x00000000a9300000, 0x00000000a9400000, 0x00000000a9400000|100%| O|  |TAMS 0x00000000a9300000| PB 0x00000000a9300000| Untracked 
| 130|0x00000000a9400000, 0x00000000a9500000, 0x00000000a9500000|100%| O|  |TAMS 0x00000000a9400000| PB 0x00000000a9400000| Untracked 
| 131|0x00000000a9500000, 0x00000000a9600000, 0x00000000a9600000|100%| O|  |TAMS 0x00000000a9500000| PB 0x00000000a9500000| Untracked 
| 132|0x00000000a9600000, 0x00000000a9700000, 0x00000000a9700000|100%| O|  |TAMS 0x00000000a9600000| PB 0x00000000a9600000| Untracked 
| 133|0x00000000a9700000, 0x00000000a9800000, 0x00000000a9800000|100%| O|  |TAMS 0x00000000a9700000| PB 0x00000000a9700000| Untracked 
| 134|0x00000000a9800000, 0x00000000a9900000, 0x00000000a9900000|100%| O|  |TAMS 0x00000000a9800000| PB 0x00000000a9800000| Untracked 
| 135|0x00000000a9900000, 0x00000000a9a00000, 0x00000000a9a00000|100%| O|  |TAMS 0x00000000a9900000| PB 0x00000000a9900000| Untracked 
| 136|0x00000000a9a00000, 0x00000000a9b00000, 0x00000000a9b00000|100%| O|  |TAMS 0x00000000a9a00000| PB 0x00000000a9a00000| Untracked 
| 137|0x00000000a9b00000, 0x00000000a9c00000, 0x00000000a9c00000|100%| O|  |TAMS 0x00000000a9b00000| PB 0x00000000a9b00000| Untracked 
| 138|0x00000000a9c00000, 0x00000000a9d00000, 0x00000000a9d00000|100%| O|  |TAMS 0x00000000a9c00000| PB 0x00000000a9c00000| Untracked 
| 139|0x00000000a9d00000, 0x00000000a9e00000, 0x00000000a9e00000|100%| O|  |TAMS 0x00000000a9d00000| PB 0x00000000a9d00000| Untracked 
| 140|0x00000000a9e00000, 0x00000000a9f00000, 0x00000000a9f00000|100%| O|  |TAMS 0x00000000a9e00000| PB 0x00000000a9e00000| Untracked 
| 141|0x00000000a9f00000, 0x00000000aa000000, 0x00000000aa000000|100%| O|  |TAMS 0x00000000a9f00000| PB 0x00000000a9f00000| Untracked 
| 142|0x00000000aa000000, 0x00000000aa100000, 0x00000000aa100000|100%| O|  |TAMS 0x00000000aa000000| PB 0x00000000aa000000| Untracked 
| 143|0x00000000aa100000, 0x00000000aa200000, 0x00000000aa200000|100%| O|  |TAMS 0x00000000aa100000| PB 0x00000000aa100000| Untracked 
| 144|0x00000000aa200000, 0x00000000aa300000, 0x00000000aa300000|100%| O|  |TAMS 0x00000000aa200000| PB 0x00000000aa200000| Untracked 
| 145|0x00000000aa300000, 0x00000000aa400000, 0x00000000aa400000|100%| O|  |TAMS 0x00000000aa300000| PB 0x00000000aa300000| Untracked 
| 146|0x00000000aa400000, 0x00000000aa500000, 0x00000000aa500000|100%| O|  |TAMS 0x00000000aa400000| PB 0x00000000aa400000| Untracked 
| 147|0x00000000aa500000, 0x00000000aa600000, 0x00000000aa600000|100%| O|  |TAMS 0x00000000aa500000| PB 0x00000000aa500000| Untracked 
| 148|0x00000000aa600000, 0x00000000aa700000, 0x00000000aa700000|100%| O|  |TAMS 0x00000000aa600000| PB 0x00000000aa600000| Untracked 
| 149|0x00000000aa700000, 0x00000000aa800000, 0x00000000aa800000|100%| O|  |TAMS 0x00000000aa700000| PB 0x00000000aa700000| Untracked 
| 150|0x00000000aa800000, 0x00000000aa900000, 0x00000000aa900000|100%| O|  |TAMS 0x00000000aa800000| PB 0x00000000aa800000| Untracked 
| 151|0x00000000aa900000, 0x00000000aaa00000, 0x00000000aaa00000|100%| O|  |TAMS 0x00000000aa900000| PB 0x00000000aa900000| Untracked 
| 152|0x00000000aaa00000, 0x00000000aab00000, 0x00000000aab00000|100%| O|  |TAMS 0x00000000aaa00000| PB 0x00000000aaa00000| Untracked 
| 153|0x00000000aab00000, 0x00000000aac00000, 0x00000000aac00000|100%| O|  |TAMS 0x00000000aab00000| PB 0x00000000aab00000| Untracked 
| 154|0x00000000aac00000, 0x00000000aad00000, 0x00000000aad00000|100%| O|  |TAMS 0x00000000aac00000| PB 0x00000000aac00000| Untracked 
| 155|0x00000000aad00000, 0x00000000aae00000, 0x00000000aae00000|100%| O|  |TAMS 0x00000000aad00000| PB 0x00000000aad00000| Untracked 
| 156|0x00000000aae00000, 0x00000000aaf00000, 0x00000000aaf00000|100%| O|  |TAMS 0x00000000aae00000| PB 0x00000000aae00000| Untracked 
| 157|0x00000000aaf00000, 0x00000000ab000000, 0x00000000ab000000|100%|HS|  |TAMS 0x00000000aaf00000| PB 0x00000000aaf00000| Complete 
| 158|0x00000000ab000000, 0x00000000ab100000, 0x00000000ab100000|100%| O|  |TAMS 0x00000000ab000000| PB 0x00000000ab000000| Untracked 
| 159|0x00000000ab100000, 0x00000000ab200000, 0x00000000ab200000|100%| O|  |TAMS 0x00000000ab100000| PB 0x00000000ab100000| Untracked 
| 160|0x00000000ab200000, 0x00000000ab300000, 0x00000000ab300000|100%| O|  |TAMS 0x00000000ab200000| PB 0x00000000ab200000| Untracked 
| 161|0x00000000ab300000, 0x00000000ab400000, 0x00000000ab400000|100%| O|  |TAMS 0x00000000ab300000| PB 0x00000000ab300000| Untracked 
| 162|0x00000000ab400000, 0x00000000ab500000, 0x00000000ab500000|100%| O|  |TAMS 0x00000000ab400000| PB 0x00000000ab400000| Untracked 
| 163|0x00000000ab500000, 0x00000000ab600000, 0x00000000ab600000|100%| O|  |TAMS 0x00000000ab500000| PB 0x00000000ab500000| Untracked 
| 164|0x00000000ab600000, 0x00000000ab700000, 0x00000000ab700000|100%| O|  |TAMS 0x00000000ab600000| PB 0x00000000ab600000| Untracked 
| 165|0x00000000ab700000, 0x00000000ab800000, 0x00000000ab800000|100%| O|  |TAMS 0x00000000ab700000| PB 0x00000000ab700000| Untracked 
| 166|0x00000000ab800000, 0x00000000ab900000, 0x00000000ab900000|100%| O|  |TAMS 0x00000000ab800000| PB 0x00000000ab800000| Untracked 
| 167|0x00000000ab900000, 0x00000000aba00000, 0x00000000aba00000|100%| O|  |TAMS 0x00000000ab900000| PB 0x00000000ab900000| Untracked 
| 168|0x00000000aba00000, 0x00000000abb00000, 0x00000000abb00000|100%| O|  |TAMS 0x00000000aba00000| PB 0x00000000aba00000| Untracked 
| 169|0x00000000abb00000, 0x00000000abc00000, 0x00000000abc00000|100%| O|  |TAMS 0x00000000abb00000| PB 0x00000000abb00000| Untracked 
| 170|0x00000000abc00000, 0x00000000abd00000, 0x00000000abd00000|100%| O|  |TAMS 0x00000000abc00000| PB 0x00000000abc00000| Untracked 
| 171|0x00000000abd00000, 0x00000000abe00000, 0x00000000abe00000|100%| O|  |TAMS 0x00000000abd00000| PB 0x00000000abd00000| Untracked 
| 172|0x00000000abe00000, 0x00000000abf00000, 0x00000000abf00000|100%| O|  |TAMS 0x00000000abe00000| PB 0x00000000abe00000| Untracked 
| 173|0x00000000abf00000, 0x00000000ac000000, 0x00000000ac000000|100%| O|  |TAMS 0x00000000abf00000| PB 0x00000000abf00000| Untracked 
| 174|0x00000000ac000000, 0x00000000ac100000, 0x00000000ac100000|100%| O|  |TAMS 0x00000000ac000000| PB 0x00000000ac000000| Untracked 
| 175|0x00000000ac100000, 0x00000000ac200000, 0x00000000ac200000|100%| O|  |TAMS 0x00000000ac100000| PB 0x00000000ac100000| Untracked 
| 176|0x00000000ac200000, 0x00000000ac300000, 0x00000000ac300000|100%| O|  |TAMS 0x00000000ac200000| PB 0x00000000ac200000| Untracked 
| 177|0x00000000ac300000, 0x00000000ac400000, 0x00000000ac400000|100%| O|  |TAMS 0x00000000ac300000| PB 0x00000000ac300000| Untracked 
| 178|0x00000000ac400000, 0x00000000ac500000, 0x00000000ac500000|100%| O|  |TAMS 0x00000000ac400000| PB 0x00000000ac400000| Untracked 
| 179|0x00000000ac500000, 0x00000000ac600000, 0x00000000ac600000|100%| O|  |TAMS 0x00000000ac500000| PB 0x00000000ac500000| Untracked 
| 180|0x00000000ac600000, 0x00000000ac700000, 0x00000000ac700000|100%|HS|  |TAMS 0x00000000ac600000| PB 0x00000000ac600000| Complete 
| 181|0x00000000ac700000, 0x00000000ac800000, 0x00000000ac800000|100%| O|  |TAMS 0x00000000ac700000| PB 0x00000000ac700000| Untracked 
| 182|0x00000000ac800000, 0x00000000ac900000, 0x00000000ac900000|100%| O|  |TAMS 0x00000000ac800000| PB 0x00000000ac800000| Untracked 
| 183|0x00000000ac900000, 0x00000000aca00000, 0x00000000aca00000|100%| O|  |TAMS 0x00000000ac900000| PB 0x00000000ac900000| Untracked 
| 184|0x00000000aca00000, 0x00000000acb00000, 0x00000000acb00000|100%| O|  |TAMS 0x00000000aca00000| PB 0x00000000aca00000| Untracked 
| 185|0x00000000acb00000, 0x00000000acc00000, 0x00000000acc00000|100%| O|  |TAMS 0x00000000acb00000| PB 0x00000000acb00000| Untracked 
| 186|0x00000000acc00000, 0x00000000acd00000, 0x00000000acd00000|100%| O|  |TAMS 0x00000000acc00000| PB 0x00000000acc00000| Untracked 
| 187|0x00000000acd00000, 0x00000000ace00000, 0x00000000ace00000|100%| O|  |TAMS 0x00000000acd00000| PB 0x00000000acd00000| Untracked 
| 188|0x00000000ace00000, 0x00000000acf00000, 0x00000000acf00000|100%| O|  |TAMS 0x00000000ace00000| PB 0x00000000ace00000| Untracked 
| 189|0x00000000acf00000, 0x00000000ad000000, 0x00000000ad000000|100%| O|  |TAMS 0x00000000acf00000| PB 0x00000000acf00000| Untracked 
| 190|0x00000000ad000000, 0x00000000ad100000, 0x00000000ad100000|100%| O|  |TAMS 0x00000000ad000000| PB 0x00000000ad000000| Untracked 
| 191|0x00000000ad100000, 0x00000000ad200000, 0x00000000ad200000|100%| O|  |TAMS 0x00000000ad100000| PB 0x00000000ad100000| Untracked 
| 192|0x00000000ad200000, 0x00000000ad300000, 0x00000000ad300000|100%| O|  |TAMS 0x00000000ad200000| PB 0x00000000ad200000| Untracked 
| 193|0x00000000ad300000, 0x00000000ad400000, 0x00000000ad400000|100%| O|  |TAMS 0x00000000ad300000| PB 0x00000000ad300000| Untracked 
| 194|0x00000000ad400000, 0x00000000ad500000, 0x00000000ad500000|100%| O|  |TAMS 0x00000000ad400000| PB 0x00000000ad400000| Untracked 
| 195|0x00000000ad500000, 0x00000000ad600000, 0x00000000ad600000|100%| O|  |TAMS 0x00000000ad500000| PB 0x00000000ad500000| Untracked 
| 196|0x00000000ad600000, 0x00000000ad700000, 0x00000000ad700000|100%| O|  |TAMS 0x00000000ad600000| PB 0x00000000ad600000| Untracked 
| 197|0x00000000ad700000, 0x00000000ad800000, 0x00000000ad800000|100%| O|  |TAMS 0x00000000ad700000| PB 0x00000000ad700000| Untracked 
| 198|0x00000000ad800000, 0x00000000ad900000, 0x00000000ad900000|100%| O|  |TAMS 0x00000000ad800000| PB 0x00000000ad800000| Untracked 
| 199|0x00000000ad900000, 0x00000000ada00000, 0x00000000ada00000|100%|HS|  |TAMS 0x00000000ad900000| PB 0x00000000ad900000| Complete 
| 200|0x00000000ada00000, 0x00000000adb00000, 0x00000000adb00000|100%| O|  |TAMS 0x00000000ada00000| PB 0x00000000ada00000| Untracked 
| 201|0x00000000adb00000, 0x00000000adc00000, 0x00000000adc00000|100%| O|  |TAMS 0x00000000adb00000| PB 0x00000000adb00000| Untracked 
| 202|0x00000000adc00000, 0x00000000add00000, 0x00000000add00000|100%| O|  |TAMS 0x00000000adc00000| PB 0x00000000adc00000| Untracked 
| 203|0x00000000add00000, 0x00000000ade00000, 0x00000000ade00000|100%| O|  |TAMS 0x00000000add00000| PB 0x00000000add00000| Untracked 
| 204|0x00000000ade00000, 0x00000000adf00000, 0x00000000adf00000|100%| O|  |TAMS 0x00000000ade00000| PB 0x00000000ade00000| Untracked 
| 205|0x00000000adf00000, 0x00000000ae000000, 0x00000000ae000000|100%| O|  |TAMS 0x00000000adf00000| PB 0x00000000adf00000| Untracked 
| 206|0x00000000ae000000, 0x00000000ae100000, 0x00000000ae100000|100%| O|  |TAMS 0x00000000ae000000| PB 0x00000000ae000000| Untracked 
| 207|0x00000000ae100000, 0x00000000ae200000, 0x00000000ae200000|100%| O|  |TAMS 0x00000000ae100000| PB 0x00000000ae100000| Untracked 
| 208|0x00000000ae200000, 0x00000000ae300000, 0x00000000ae300000|100%| O|  |TAMS 0x00000000ae200000| PB 0x00000000ae200000| Untracked 
| 209|0x00000000ae300000, 0x00000000ae400000, 0x00000000ae400000|100%| O|  |TAMS 0x00000000ae300000| PB 0x00000000ae300000| Untracked 
| 210|0x00000000ae400000, 0x00000000ae500000, 0x00000000ae500000|100%| O|  |TAMS 0x00000000ae400000| PB 0x00000000ae400000| Untracked 
| 211|0x00000000ae500000, 0x00000000ae600000, 0x00000000ae600000|100%| O|  |TAMS 0x00000000ae500000| PB 0x00000000ae500000| Untracked 
| 212|0x00000000ae600000, 0x00000000ae700000, 0x00000000ae700000|100%| O|  |TAMS 0x00000000ae600000| PB 0x00000000ae600000| Untracked 
| 213|0x00000000ae700000, 0x00000000ae800000, 0x00000000ae800000|100%| O|  |TAMS 0x00000000ae700000| PB 0x00000000ae700000| Untracked 
| 214|0x00000000ae800000, 0x00000000ae900000, 0x00000000ae900000|100%| O|  |TAMS 0x00000000ae800000| PB 0x00000000ae800000| Untracked 
| 215|0x00000000ae900000, 0x00000000aea00000, 0x00000000aea00000|100%| O|  |TAMS 0x00000000ae900000| PB 0x00000000ae900000| Untracked 
| 216|0x00000000aea00000, 0x00000000aeb00000, 0x00000000aeb00000|100%| O|  |TAMS 0x00000000aea00000| PB 0x00000000aea00000| Untracked 
| 217|0x00000000aeb00000, 0x00000000aec00000, 0x00000000aec00000|100%| O|  |TAMS 0x00000000aeb00000| PB 0x00000000aeb00000| Untracked 
| 218|0x00000000aec00000, 0x00000000aed00000, 0x00000000aed00000|100%| O|  |TAMS 0x00000000aec00000| PB 0x00000000aec00000| Untracked 
| 219|0x00000000aed00000, 0x00000000aee00000, 0x00000000aee00000|100%| O|  |TAMS 0x00000000aed00000| PB 0x00000000aed00000| Untracked 
| 220|0x00000000aee00000, 0x00000000aef00000, 0x00000000aef00000|100%| O|  |TAMS 0x00000000aee00000| PB 0x00000000aee00000| Untracked 
| 221|0x00000000aef00000, 0x00000000af000000, 0x00000000af000000|100%| O|  |TAMS 0x00000000aef00000| PB 0x00000000aef00000| Untracked 
| 222|0x00000000af000000, 0x00000000af100000, 0x00000000af100000|100%| O|  |TAMS 0x00000000af000000| PB 0x00000000af000000| Untracked 
| 223|0x00000000af100000, 0x00000000af200000, 0x00000000af200000|100%| O|  |TAMS 0x00000000af100000| PB 0x00000000af100000| Untracked 
| 224|0x00000000af200000, 0x00000000af300000, 0x00000000af300000|100%| O|  |TAMS 0x00000000af200000| PB 0x00000000af200000| Untracked 
| 225|0x00000000af300000, 0x00000000af400000, 0x00000000af400000|100%| O|  |TAMS 0x00000000af300000| PB 0x00000000af300000| Untracked 
| 226|0x00000000af400000, 0x00000000af500000, 0x00000000af500000|100%| O|  |TAMS 0x00000000af400000| PB 0x00000000af400000| Untracked 
| 227|0x00000000af500000, 0x00000000af600000, 0x00000000af600000|100%| O|  |TAMS 0x00000000af500000| PB 0x00000000af500000| Untracked 
| 228|0x00000000af600000, 0x00000000af700000, 0x00000000af700000|100%| O|  |TAMS 0x00000000af600000| PB 0x00000000af600000| Untracked 
| 229|0x00000000af700000, 0x00000000af800000, 0x00000000af800000|100%| O|  |TAMS 0x00000000af700000| PB 0x00000000af700000| Untracked 
| 230|0x00000000af800000, 0x00000000af900000, 0x00000000af900000|100%| O|  |TAMS 0x00000000af800000| PB 0x00000000af800000| Untracked 
| 231|0x00000000af900000, 0x00000000afa00000, 0x00000000afa00000|100%| O|  |TAMS 0x00000000af900000| PB 0x00000000af900000| Untracked 
| 232|0x00000000afa00000, 0x00000000afb00000, 0x00000000afb00000|100%| O|  |TAMS 0x00000000afa00000| PB 0x00000000afa00000| Untracked 
| 233|0x00000000afb00000, 0x00000000afc00000, 0x00000000afc00000|100%| O|  |TAMS 0x00000000afb00000| PB 0x00000000afb00000| Untracked 
| 234|0x00000000afc00000, 0x00000000afd00000, 0x00000000afd00000|100%| O|  |TAMS 0x00000000afc00000| PB 0x00000000afc00000| Untracked 
| 235|0x00000000afd00000, 0x00000000afe00000, 0x00000000afe00000|100%| O|  |TAMS 0x00000000afd00000| PB 0x00000000afd00000| Untracked 
| 236|0x00000000afe00000, 0x00000000aff00000, 0x00000000aff00000|100%| O|  |TAMS 0x00000000afe00000| PB 0x00000000afe00000| Untracked 
| 237|0x00000000aff00000, 0x00000000aff90408, 0x00000000b0000000| 56%| O|  |TAMS 0x00000000aff00000| PB 0x00000000aff00000| Untracked 
| 238|0x00000000b0000000, 0x00000000b0100000, 0x00000000b0100000|100%| O|  |TAMS 0x00000000b0000000| PB 0x00000000b0000000| Untracked 
| 239|0x00000000b0100000, 0x00000000b0200000, 0x00000000b0200000|100%| O|  |TAMS 0x00000000b0100000| PB 0x00000000b0100000| Untracked 
| 240|0x00000000b0200000, 0x00000000b0300000, 0x00000000b0300000|100%| O|  |TAMS 0x00000000b0200000| PB 0x00000000b0200000| Untracked 
| 241|0x00000000b0300000, 0x00000000b0400000, 0x00000000b0400000|100%| O|  |TAMS 0x00000000b0300000| PB 0x00000000b0300000| Untracked 
| 242|0x00000000b0400000, 0x00000000b0500000, 0x00000000b0500000|100%| O|  |TAMS 0x00000000b0400000| PB 0x00000000b0400000| Untracked 
| 243|0x00000000b0500000, 0x00000000b0500000, 0x00000000b0600000|  0%| F|  |TAMS 0x00000000b0500000| PB 0x00000000b0500000| Untracked 
| 244|0x00000000b0600000, 0x00000000b0700000, 0x00000000b0700000|100%| O|  |TAMS 0x00000000b0600000| PB 0x00000000b0600000| Untracked 
| 245|0x00000000b0700000, 0x00000000b0700000, 0x00000000b0800000|  0%| F|  |TAMS 0x00000000b0700000| PB 0x00000000b0700000| Untracked 
| 246|0x00000000b0800000, 0x00000000b0800000, 0x00000000b0900000|  0%| F|  |TAMS 0x00000000b0800000| PB 0x00000000b0800000| Untracked 
| 247|0x00000000b0900000, 0x00000000b0a00000, 0x00000000b0a00000|100%| O|  |TAMS 0x00000000b0900000| PB 0x00000000b0900000| Untracked 
| 248|0x00000000b0a00000, 0x00000000b0b00000, 0x00000000b0b00000|100%| O|  |TAMS 0x00000000b0a00000| PB 0x00000000b0a00000| Untracked 
| 249|0x00000000b0b00000, 0x00000000b0c00000, 0x00000000b0c00000|100%| O|  |TAMS 0x00000000b0b00000| PB 0x00000000b0b00000| Untracked 
| 250|0x00000000b0c00000, 0x00000000b0c00000, 0x00000000b0d00000|  0%| F|  |TAMS 0x00000000b0c00000| PB 0x00000000b0c00000| Untracked 
| 251|0x00000000b0d00000, 0x00000000b0e00000, 0x00000000b0e00000|100%| O|  |TAMS 0x00000000b0d00000| PB 0x00000000b0d00000| Untracked 
| 252|0x00000000b0e00000, 0x00000000b0f00000, 0x00000000b0f00000|100%| O|  |TAMS 0x00000000b0e00000| PB 0x00000000b0e00000| Untracked 
| 253|0x00000000b0f00000, 0x00000000b1000000, 0x00000000b1000000|100%| O|  |TAMS 0x00000000b0f00000| PB 0x00000000b0f00000| Untracked 
| 254|0x00000000b1000000, 0x00000000b1100000, 0x00000000b1100000|100%| O|  |TAMS 0x00000000b1000000| PB 0x00000000b1000000| Untracked 
| 255|0x00000000b1100000, 0x00000000b1200000, 0x00000000b1200000|100%| O|  |TAMS 0x00000000b1100000| PB 0x00000000b1100000| Untracked 
| 256|0x00000000b1200000, 0x00000000b1300000, 0x00000000b1300000|100%| O|  |TAMS 0x00000000b1200000| PB 0x00000000b1200000| Untracked 
| 257|0x00000000b1300000, 0x00000000b1300000, 0x00000000b1400000|  0%| F|  |TAMS 0x00000000b1300000| PB 0x00000000b1300000| Untracked 
| 258|0x00000000b1400000, 0x00000000b1400000, 0x00000000b1500000|  0%| F|  |TAMS 0x00000000b1400000| PB 0x00000000b1400000| Untracked 
| 259|0x00000000b1500000, 0x00000000b1600000, 0x00000000b1600000|100%| O|  |TAMS 0x00000000b1500000| PB 0x00000000b1500000| Untracked 
| 260|0x00000000b1600000, 0x00000000b1600000, 0x00000000b1700000|  0%| F|  |TAMS 0x00000000b1600000| PB 0x00000000b1600000| Untracked 
| 261|0x00000000b1700000, 0x00000000b1700000, 0x00000000b1800000|  0%| F|  |TAMS 0x00000000b1700000| PB 0x00000000b1700000| Untracked 
| 262|0x00000000b1800000, 0x00000000b1900000, 0x00000000b1900000|100%| O|  |TAMS 0x00000000b1800000| PB 0x00000000b1800000| Untracked 
| 263|0x00000000b1900000, 0x00000000b1900000, 0x00000000b1a00000|  0%| F|  |TAMS 0x00000000b1900000| PB 0x00000000b1900000| Untracked 
| 264|0x00000000b1a00000, 0x00000000b1a00000, 0x00000000b1b00000|  0%| F|  |TAMS 0x00000000b1a00000| PB 0x00000000b1a00000| Untracked 
| 265|0x00000000b1b00000, 0x00000000b1b00000, 0x00000000b1c00000|  0%| F|  |TAMS 0x00000000b1b00000| PB 0x00000000b1b00000| Untracked 
| 266|0x00000000b1c00000, 0x00000000b1c00000, 0x00000000b1d00000|  0%| F|  |TAMS 0x00000000b1c00000| PB 0x00000000b1c00000| Untracked 
| 267|0x00000000b1d00000, 0x00000000b1d00000, 0x00000000b1e00000|  0%| F|  |TAMS 0x00000000b1d00000| PB 0x00000000b1d00000| Untracked 
| 268|0x00000000b1e00000, 0x00000000b1f00000, 0x00000000b1f00000|100%| O|  |TAMS 0x00000000b1e00000| PB 0x00000000b1e00000| Untracked 
| 269|0x00000000b1f00000, 0x00000000b1f00000, 0x00000000b2000000|  0%| F|  |TAMS 0x00000000b1f00000| PB 0x00000000b1f00000| Untracked 
| 270|0x00000000b2000000, 0x00000000b2000000, 0x00000000b2100000|  0%| F|  |TAMS 0x00000000b2000000| PB 0x00000000b2000000| Untracked 
| 271|0x00000000b2100000, 0x00000000b2100000, 0x00000000b2200000|  0%| F|  |TAMS 0x00000000b2100000| PB 0x00000000b2100000| Untracked 
| 272|0x00000000b2200000, 0x00000000b2200000, 0x00000000b2300000|  0%| F|  |TAMS 0x00000000b2200000| PB 0x00000000b2200000| Untracked 
| 273|0x00000000b2300000, 0x00000000b2300000, 0x00000000b2400000|  0%| F|  |TAMS 0x00000000b2300000| PB 0x00000000b2300000| Untracked 
| 274|0x00000000b2400000, 0x00000000b2400000, 0x00000000b2500000|  0%| F|  |TAMS 0x00000000b2400000| PB 0x00000000b2400000| Untracked 
| 275|0x00000000b2500000, 0x00000000b2600000, 0x00000000b2600000|100%| O|  |TAMS 0x00000000b2500000| PB 0x00000000b2500000| Untracked 
| 276|0x00000000b2600000, 0x00000000b2600000, 0x00000000b2700000|  0%| F|  |TAMS 0x00000000b2600000| PB 0x00000000b2600000| Untracked 
| 277|0x00000000b2700000, 0x00000000b2700000, 0x00000000b2800000|  0%| F|  |TAMS 0x00000000b2700000| PB 0x00000000b2700000| Untracked 
| 278|0x00000000b2800000, 0x00000000b2900000, 0x00000000b2900000|100%| O|  |TAMS 0x00000000b2800000| PB 0x00000000b2800000| Untracked 
| 279|0x00000000b2900000, 0x00000000b2a00000, 0x00000000b2a00000|100%| O|  |TAMS 0x00000000b2900000| PB 0x00000000b2900000| Untracked 
| 280|0x00000000b2a00000, 0x00000000b2b00000, 0x00000000b2b00000|100%| O|  |TAMS 0x00000000b2a00000| PB 0x00000000b2a00000| Untracked 
| 281|0x00000000b2b00000, 0x00000000b2c00000, 0x00000000b2c00000|100%| O|  |TAMS 0x00000000b2b00000| PB 0x00000000b2b00000| Untracked 
| 282|0x00000000b2c00000, 0x00000000b2c00000, 0x00000000b2d00000|  0%| F|  |TAMS 0x00000000b2c00000| PB 0x00000000b2c00000| Untracked 
| 283|0x00000000b2d00000, 0x00000000b2d00000, 0x00000000b2e00000|  0%| F|  |TAMS 0x00000000b2d00000| PB 0x00000000b2d00000| Untracked 
| 284|0x00000000b2e00000, 0x00000000b2f00000, 0x00000000b2f00000|100%| O|  |TAMS 0x00000000b2e00000| PB 0x00000000b2e00000| Untracked 
| 285|0x00000000b2f00000, 0x00000000b2f00000, 0x00000000b3000000|  0%| F|  |TAMS 0x00000000b2f00000| PB 0x00000000b2f00000| Untracked 
| 286|0x00000000b3000000, 0x00000000b3100000, 0x00000000b3100000|100%| O|  |TAMS 0x00000000b3000000| PB 0x00000000b3000000| Untracked 
| 287|0x00000000b3100000, 0x00000000b3200000, 0x00000000b3200000|100%| O|  |TAMS 0x00000000b3100000| PB 0x00000000b3100000| Untracked 
| 288|0x00000000b3200000, 0x00000000b3300000, 0x00000000b3300000|100%| O|  |TAMS 0x00000000b3200000| PB 0x00000000b3200000| Untracked 
| 289|0x00000000b3300000, 0x00000000b3400000, 0x00000000b3400000|100%| O|  |TAMS 0x00000000b3300000| PB 0x00000000b3300000| Untracked 
| 290|0x00000000b3400000, 0x00000000b3500000, 0x00000000b3500000|100%| O|  |TAMS 0x00000000b3400000| PB 0x00000000b3400000| Untracked 
| 291|0x00000000b3500000, 0x00000000b3500000, 0x00000000b3600000|  0%| F|  |TAMS 0x00000000b3500000| PB 0x00000000b3500000| Untracked 
| 292|0x00000000b3600000, 0x00000000b3600000, 0x00000000b3700000|  0%| F|  |TAMS 0x00000000b3600000| PB 0x00000000b3600000| Untracked 
| 293|0x00000000b3700000, 0x00000000b3800000, 0x00000000b3800000|100%| O|  |TAMS 0x00000000b3700000| PB 0x00000000b3700000| Untracked 
| 294|0x00000000b3800000, 0x00000000b3900000, 0x00000000b3900000|100%| O|  |TAMS 0x00000000b3800000| PB 0x00000000b3800000| Untracked 
| 295|0x00000000b3900000, 0x00000000b3900000, 0x00000000b3a00000|  0%| F|  |TAMS 0x00000000b3900000| PB 0x00000000b3900000| Untracked 
| 296|0x00000000b3a00000, 0x00000000b3b00000, 0x00000000b3b00000|100%| O|  |TAMS 0x00000000b3a00000| PB 0x00000000b3a00000| Untracked 
| 297|0x00000000b3b00000, 0x00000000b3b00000, 0x00000000b3c00000|  0%| F|  |TAMS 0x00000000b3b00000| PB 0x00000000b3b00000| Untracked 
| 298|0x00000000b3c00000, 0x00000000b3c00000, 0x00000000b3d00000|  0%| F|  |TAMS 0x00000000b3c00000| PB 0x00000000b3c00000| Untracked 
| 299|0x00000000b3d00000, 0x00000000b3d00000, 0x00000000b3e00000|  0%| F|  |TAMS 0x00000000b3d00000| PB 0x00000000b3d00000| Untracked 
| 300|0x00000000b3e00000, 0x00000000b3e00000, 0x00000000b3f00000|  0%| F|  |TAMS 0x00000000b3e00000| PB 0x00000000b3e00000| Untracked 
| 301|0x00000000b3f00000, 0x00000000b3f00000, 0x00000000b4000000|  0%| F|  |TAMS 0x00000000b3f00000| PB 0x00000000b3f00000| Untracked 
| 302|0x00000000b4000000, 0x00000000b4000000, 0x00000000b4100000|  0%| F|  |TAMS 0x00000000b4000000| PB 0x00000000b4000000| Untracked 
| 303|0x00000000b4100000, 0x00000000b4100000, 0x00000000b4200000|  0%| F|  |TAMS 0x00000000b4100000| PB 0x00000000b4100000| Untracked 
| 304|0x00000000b4200000, 0x00000000b4200000, 0x00000000b4300000|  0%| F|  |TAMS 0x00000000b4200000| PB 0x00000000b4200000| Untracked 
| 305|0x00000000b4300000, 0x00000000b4300000, 0x00000000b4400000|  0%| F|  |TAMS 0x00000000b4300000| PB 0x00000000b4300000| Untracked 
| 306|0x00000000b4400000, 0x00000000b4400000, 0x00000000b4500000|  0%| F|  |TAMS 0x00000000b4400000| PB 0x00000000b4400000| Untracked 
| 307|0x00000000b4500000, 0x00000000b4500000, 0x00000000b4600000|  0%| F|  |TAMS 0x00000000b4500000| PB 0x00000000b4500000| Untracked 
| 308|0x00000000b4600000, 0x00000000b4600000, 0x00000000b4700000|  0%| F|  |TAMS 0x00000000b4600000| PB 0x00000000b4600000| Untracked 
| 309|0x00000000b4700000, 0x00000000b4700000, 0x00000000b4800000|  0%| F|  |TAMS 0x00000000b4700000| PB 0x00000000b4700000| Untracked 
| 310|0x00000000b4800000, 0x00000000b4800000, 0x00000000b4900000|  0%| F|  |TAMS 0x00000000b4800000| PB 0x00000000b4800000| Untracked 
| 311|0x00000000b4900000, 0x00000000b4900000, 0x00000000b4a00000|  0%| F|  |TAMS 0x00000000b4900000| PB 0x00000000b4900000| Untracked 
| 312|0x00000000b4a00000, 0x00000000b4a00000, 0x00000000b4b00000|  0%| F|  |TAMS 0x00000000b4a00000| PB 0x00000000b4a00000| Untracked 
| 313|0x00000000b4b00000, 0x00000000b4b00000, 0x00000000b4c00000|  0%| F|  |TAMS 0x00000000b4b00000| PB 0x00000000b4b00000| Untracked 
| 314|0x00000000b4c00000, 0x00000000b4c00000, 0x00000000b4d00000|  0%| F|  |TAMS 0x00000000b4c00000| PB 0x00000000b4c00000| Untracked 
| 315|0x00000000b4d00000, 0x00000000b4e00000, 0x00000000b4e00000|100%| O|  |TAMS 0x00000000b4d00000| PB 0x00000000b4d00000| Untracked 
| 316|0x00000000b4e00000, 0x00000000b4e00000, 0x00000000b4f00000|  0%| F|  |TAMS 0x00000000b4e00000| PB 0x00000000b4e00000| Untracked 
| 317|0x00000000b4f00000, 0x00000000b4f00000, 0x00000000b5000000|  0%| F|  |TAMS 0x00000000b4f00000| PB 0x00000000b4f00000| Untracked 
| 318|0x00000000b5000000, 0x00000000b50a7838, 0x00000000b5100000| 65%| S|CS|TAMS 0x00000000b5000000| PB 0x00000000b5000000| Complete 
| 319|0x00000000b5100000, 0x00000000b5100000, 0x00000000b5200000|  0%| F|  |TAMS 0x00000000b5100000| PB 0x00000000b5100000| Untracked 
| 320|0x00000000b5200000, 0x00000000b5200000, 0x00000000b5300000|  0%| F|  |TAMS 0x00000000b5200000| PB 0x00000000b5200000| Untracked 
| 321|0x00000000b5300000, 0x00000000b5300000, 0x00000000b5400000|  0%| F|  |TAMS 0x00000000b5300000| PB 0x00000000b5300000| Untracked 
| 322|0x00000000b5400000, 0x00000000b5400000, 0x00000000b5500000|  0%| F|  |TAMS 0x00000000b5400000| PB 0x00000000b5400000| Untracked 
| 323|0x00000000b5500000, 0x00000000b5500000, 0x00000000b5600000|  0%| F|  |TAMS 0x00000000b5500000| PB 0x00000000b5500000| Untracked 
| 324|0x00000000b5600000, 0x00000000b5600000, 0x00000000b5700000|  0%| F|  |TAMS 0x00000000b5600000| PB 0x00000000b5600000| Untracked 
| 325|0x00000000b5700000, 0x00000000b5700000, 0x00000000b5800000|  0%| F|  |TAMS 0x00000000b5700000| PB 0x00000000b5700000| Untracked 
| 326|0x00000000b5800000, 0x00000000b5800000, 0x00000000b5900000|  0%| F|  |TAMS 0x00000000b5800000| PB 0x00000000b5800000| Untracked 
| 327|0x00000000b5900000, 0x00000000b5900000, 0x00000000b5a00000|  0%| F|  |TAMS 0x00000000b5900000| PB 0x00000000b5900000| Untracked 
| 328|0x00000000b5a00000, 0x00000000b5a00000, 0x00000000b5b00000|  0%| F|  |TAMS 0x00000000b5a00000| PB 0x00000000b5a00000| Untracked 
| 329|0x00000000b5b00000, 0x00000000b5b00000, 0x00000000b5c00000|  0%| F|  |TAMS 0x00000000b5b00000| PB 0x00000000b5b00000| Untracked 
| 330|0x00000000b5c00000, 0x00000000b5c00000, 0x00000000b5d00000|  0%| F|  |TAMS 0x00000000b5c00000| PB 0x00000000b5c00000| Untracked 
| 331|0x00000000b5d00000, 0x00000000b5d00000, 0x00000000b5e00000|  0%| F|  |TAMS 0x00000000b5d00000| PB 0x00000000b5d00000| Untracked 
| 332|0x00000000b5e00000, 0x00000000b5e00000, 0x00000000b5f00000|  0%| F|  |TAMS 0x00000000b5e00000| PB 0x00000000b5e00000| Untracked 
| 333|0x00000000b5f00000, 0x00000000b5f00000, 0x00000000b6000000|  0%| F|  |TAMS 0x00000000b5f00000| PB 0x00000000b5f00000| Untracked 
| 334|0x00000000b6000000, 0x00000000b6000000, 0x00000000b6100000|  0%| F|  |TAMS 0x00000000b6000000| PB 0x00000000b6000000| Untracked 
| 335|0x00000000b6100000, 0x00000000b6100000, 0x00000000b6200000|  0%| F|  |TAMS 0x00000000b6100000| PB 0x00000000b6100000| Untracked 
| 336|0x00000000b6200000, 0x00000000b6200000, 0x00000000b6300000|  0%| F|  |TAMS 0x00000000b6200000| PB 0x00000000b6200000| Untracked 
| 337|0x00000000b6300000, 0x00000000b6300000, 0x00000000b6400000|  0%| F|  |TAMS 0x00000000b6300000| PB 0x00000000b6300000| Untracked 
| 338|0x00000000b6400000, 0x00000000b6400000, 0x00000000b6500000|  0%| F|  |TAMS 0x00000000b6400000| PB 0x00000000b6400000| Untracked 
| 339|0x00000000b6500000, 0x00000000b6500000, 0x00000000b6600000|  0%| F|  |TAMS 0x00000000b6500000| PB 0x00000000b6500000| Untracked 
| 340|0x00000000b6600000, 0x00000000b6600000, 0x00000000b6700000|  0%| F|  |TAMS 0x00000000b6600000| PB 0x00000000b6600000| Untracked 
| 341|0x00000000b6700000, 0x00000000b6700000, 0x00000000b6800000|  0%| F|  |TAMS 0x00000000b6700000| PB 0x00000000b6700000| Untracked 
| 342|0x00000000b6800000, 0x00000000b6800000, 0x00000000b6900000|  0%| F|  |TAMS 0x00000000b6800000| PB 0x00000000b6800000| Untracked 
| 343|0x00000000b6900000, 0x00000000b6900000, 0x00000000b6a00000|  0%| F|  |TAMS 0x00000000b6900000| PB 0x00000000b6900000| Untracked 
| 344|0x00000000b6a00000, 0x00000000b6a00000, 0x00000000b6b00000|  0%| F|  |TAMS 0x00000000b6a00000| PB 0x00000000b6a00000| Untracked 
| 345|0x00000000b6b00000, 0x00000000b6b00000, 0x00000000b6c00000|  0%| F|  |TAMS 0x00000000b6b00000| PB 0x00000000b6b00000| Untracked 
| 346|0x00000000b6c00000, 0x00000000b6c00000, 0x00000000b6d00000|  0%| F|  |TAMS 0x00000000b6c00000| PB 0x00000000b6c00000| Untracked 
| 347|0x00000000b6d00000, 0x00000000b6d00000, 0x00000000b6e00000|  0%| F|  |TAMS 0x00000000b6d00000| PB 0x00000000b6d00000| Untracked 
| 348|0x00000000b6e00000, 0x00000000b6e00000, 0x00000000b6f00000|  0%| F|  |TAMS 0x00000000b6e00000| PB 0x00000000b6e00000| Untracked 
| 349|0x00000000b6f00000, 0x00000000b6f00000, 0x00000000b7000000|  0%| F|  |TAMS 0x00000000b6f00000| PB 0x00000000b6f00000| Untracked 
| 350|0x00000000b7000000, 0x00000000b7000000, 0x00000000b7100000|  0%| F|  |TAMS 0x00000000b7000000| PB 0x00000000b7000000| Untracked 
| 351|0x00000000b7100000, 0x00000000b7100000, 0x00000000b7200000|  0%| F|  |TAMS 0x00000000b7100000| PB 0x00000000b7100000| Untracked 
| 352|0x00000000b7200000, 0x00000000b7200000, 0x00000000b7300000|  0%| F|  |TAMS 0x00000000b7200000| PB 0x00000000b7200000| Untracked 
| 353|0x00000000b7300000, 0x00000000b7300000, 0x00000000b7400000|  0%| F|  |TAMS 0x00000000b7300000| PB 0x00000000b7300000| Untracked 
| 354|0x00000000b7400000, 0x00000000b7400000, 0x00000000b7500000|  0%| F|  |TAMS 0x00000000b7400000| PB 0x00000000b7400000| Untracked 
| 355|0x00000000b7500000, 0x00000000b7500000, 0x00000000b7600000|  0%| F|  |TAMS 0x00000000b7500000| PB 0x00000000b7500000| Untracked 
| 356|0x00000000b7600000, 0x00000000b7600000, 0x00000000b7700000|  0%| F|  |TAMS 0x00000000b7600000| PB 0x00000000b7600000| Untracked 
| 357|0x00000000b7700000, 0x00000000b7700000, 0x00000000b7800000|  0%| F|  |TAMS 0x00000000b7700000| PB 0x00000000b7700000| Untracked 
| 358|0x00000000b7800000, 0x00000000b7800000, 0x00000000b7900000|  0%| F|  |TAMS 0x00000000b7800000| PB 0x00000000b7800000| Untracked 
| 359|0x00000000b7900000, 0x00000000b7900000, 0x00000000b7a00000|  0%| F|  |TAMS 0x00000000b7900000| PB 0x00000000b7900000| Untracked 
| 360|0x00000000b7a00000, 0x00000000b7a00000, 0x00000000b7b00000|  0%| F|  |TAMS 0x00000000b7a00000| PB 0x00000000b7a00000| Untracked 
| 361|0x00000000b7b00000, 0x00000000b7b00000, 0x00000000b7c00000|  0%| F|  |TAMS 0x00000000b7b00000| PB 0x00000000b7b00000| Untracked 
| 362|0x00000000b7c00000, 0x00000000b7c00000, 0x00000000b7d00000|  0%| F|  |TAMS 0x00000000b7c00000| PB 0x00000000b7c00000| Untracked 
| 363|0x00000000b7d00000, 0x00000000b7d00000, 0x00000000b7e00000|  0%| F|  |TAMS 0x00000000b7d00000| PB 0x00000000b7d00000| Untracked 
| 364|0x00000000b7e00000, 0x00000000b7e00000, 0x00000000b7f00000|  0%| F|  |TAMS 0x00000000b7e00000| PB 0x00000000b7e00000| Untracked 
| 365|0x00000000b7f00000, 0x00000000b7f00000, 0x00000000b8000000|  0%| F|  |TAMS 0x00000000b7f00000| PB 0x00000000b7f00000| Untracked 
| 366|0x00000000b8000000, 0x00000000b8000000, 0x00000000b8100000|  0%| F|  |TAMS 0x00000000b8000000| PB 0x00000000b8000000| Untracked 
| 367|0x00000000b8100000, 0x00000000b8100000, 0x00000000b8200000|  0%| F|  |TAMS 0x00000000b8100000| PB 0x00000000b8100000| Untracked 
| 368|0x00000000b8200000, 0x00000000b8200000, 0x00000000b8300000|  0%| F|  |TAMS 0x00000000b8200000| PB 0x00000000b8200000| Untracked 
| 369|0x00000000b8300000, 0x00000000b8300000, 0x00000000b8400000|  0%| F|  |TAMS 0x00000000b8300000| PB 0x00000000b8300000| Untracked 
| 370|0x00000000b8400000, 0x00000000b8400000, 0x00000000b8500000|  0%| F|  |TAMS 0x00000000b8400000| PB 0x00000000b8400000| Untracked 
| 371|0x00000000b8500000, 0x00000000b8500000, 0x00000000b8600000|  0%| F|  |TAMS 0x00000000b8500000| PB 0x00000000b8500000| Untracked 
| 372|0x00000000b8600000, 0x00000000b8600000, 0x00000000b8700000|  0%| F|  |TAMS 0x00000000b8600000| PB 0x00000000b8600000| Untracked 
| 373|0x00000000b8700000, 0x00000000b8700000, 0x00000000b8800000|  0%| F|  |TAMS 0x00000000b8700000| PB 0x00000000b8700000| Untracked 
| 374|0x00000000b8800000, 0x00000000b8800000, 0x00000000b8900000|  0%| F|  |TAMS 0x00000000b8800000| PB 0x00000000b8800000| Untracked 
| 375|0x00000000b8900000, 0x00000000b8900000, 0x00000000b8a00000|  0%| F|  |TAMS 0x00000000b8900000| PB 0x00000000b8900000| Untracked 
| 376|0x00000000b8a00000, 0x00000000b8a00000, 0x00000000b8b00000|  0%| F|  |TAMS 0x00000000b8a00000| PB 0x00000000b8a00000| Untracked 
| 377|0x00000000b8b00000, 0x00000000b8b00000, 0x00000000b8c00000|  0%| F|  |TAMS 0x00000000b8b00000| PB 0x00000000b8b00000| Untracked 
| 378|0x00000000b8c00000, 0x00000000b8c00000, 0x00000000b8d00000|  0%| F|  |TAMS 0x00000000b8c00000| PB 0x00000000b8c00000| Untracked 
| 379|0x00000000b8d00000, 0x00000000b8d00000, 0x00000000b8e00000|  0%| F|  |TAMS 0x00000000b8d00000| PB 0x00000000b8d00000| Untracked 
| 380|0x00000000b8e00000, 0x00000000b8e00000, 0x00000000b8f00000|  0%| F|  |TAMS 0x00000000b8e00000| PB 0x00000000b8e00000| Untracked 
| 381|0x00000000b8f00000, 0x00000000b8f00000, 0x00000000b9000000|  0%| F|  |TAMS 0x00000000b8f00000| PB 0x00000000b8f00000| Untracked 
| 382|0x00000000b9000000, 0x00000000b9000000, 0x00000000b9100000|  0%| F|  |TAMS 0x00000000b9000000| PB 0x00000000b9000000| Untracked 
| 383|0x00000000b9100000, 0x00000000b9100000, 0x00000000b9200000|  0%| F|  |TAMS 0x00000000b9100000| PB 0x00000000b9100000| Untracked 
| 384|0x00000000b9200000, 0x00000000b9200000, 0x00000000b9300000|  0%| F|  |TAMS 0x00000000b9200000| PB 0x00000000b9200000| Untracked 
| 385|0x00000000b9300000, 0x00000000b9300000, 0x00000000b9400000|  0%| F|  |TAMS 0x00000000b9300000| PB 0x00000000b9300000| Untracked 
| 386|0x00000000b9400000, 0x00000000b9400000, 0x00000000b9500000|  0%| F|  |TAMS 0x00000000b9400000| PB 0x00000000b9400000| Untracked 
| 387|0x00000000b9500000, 0x00000000b9500000, 0x00000000b9600000|  0%| F|  |TAMS 0x00000000b9500000| PB 0x00000000b9500000| Untracked 
| 388|0x00000000b9600000, 0x00000000b9600000, 0x00000000b9700000|  0%| F|  |TAMS 0x00000000b9600000| PB 0x00000000b9600000| Untracked 
| 389|0x00000000b9700000, 0x00000000b9700000, 0x00000000b9800000|  0%| F|  |TAMS 0x00000000b9700000| PB 0x00000000b9700000| Untracked 
| 390|0x00000000b9800000, 0x00000000b9800000, 0x00000000b9900000|  0%| F|  |TAMS 0x00000000b9800000| PB 0x00000000b9800000| Untracked 
| 391|0x00000000b9900000, 0x00000000b9900000, 0x00000000b9a00000|  0%| F|  |TAMS 0x00000000b9900000| PB 0x00000000b9900000| Untracked 
| 392|0x00000000b9a00000, 0x00000000b9a00000, 0x00000000b9b00000|  0%| F|  |TAMS 0x00000000b9a00000| PB 0x00000000b9a00000| Untracked 
| 393|0x00000000b9b00000, 0x00000000b9b00000, 0x00000000b9c00000|  0%| F|  |TAMS 0x00000000b9b00000| PB 0x00000000b9b00000| Untracked 
| 394|0x00000000b9c00000, 0x00000000b9c00000, 0x00000000b9d00000|  0%| F|  |TAMS 0x00000000b9c00000| PB 0x00000000b9c00000| Untracked 
| 395|0x00000000b9d00000, 0x00000000b9d00000, 0x00000000b9e00000|  0%| F|  |TAMS 0x00000000b9d00000| PB 0x00000000b9d00000| Untracked 
| 396|0x00000000b9e00000, 0x00000000b9e00000, 0x00000000b9f00000|  0%| F|  |TAMS 0x00000000b9e00000| PB 0x00000000b9e00000| Untracked 
| 397|0x00000000b9f00000, 0x00000000b9f00000, 0x00000000ba000000|  0%| F|  |TAMS 0x00000000b9f00000| PB 0x00000000b9f00000| Untracked 
| 398|0x00000000ba000000, 0x00000000ba000000, 0x00000000ba100000|  0%| F|  |TAMS 0x00000000ba000000| PB 0x00000000ba000000| Untracked 
| 399|0x00000000ba100000, 0x00000000ba100000, 0x00000000ba200000|  0%| F|  |TAMS 0x00000000ba100000| PB 0x00000000ba100000| Untracked 
| 400|0x00000000ba200000, 0x00000000ba200000, 0x00000000ba300000|  0%| F|  |TAMS 0x00000000ba200000| PB 0x00000000ba200000| Untracked 
| 401|0x00000000ba300000, 0x00000000ba300000, 0x00000000ba400000|  0%| F|  |TAMS 0x00000000ba300000| PB 0x00000000ba300000| Untracked 
| 402|0x00000000ba400000, 0x00000000ba400000, 0x00000000ba500000|  0%| F|  |TAMS 0x00000000ba400000| PB 0x00000000ba400000| Untracked 
| 403|0x00000000ba500000, 0x00000000ba500000, 0x00000000ba600000|  0%| F|  |TAMS 0x00000000ba500000| PB 0x00000000ba500000| Untracked 
| 404|0x00000000ba600000, 0x00000000ba600000, 0x00000000ba700000|  0%| F|  |TAMS 0x00000000ba600000| PB 0x00000000ba600000| Untracked 
| 405|0x00000000ba700000, 0x00000000ba700000, 0x00000000ba800000|  0%| F|  |TAMS 0x00000000ba700000| PB 0x00000000ba700000| Untracked 
| 406|0x00000000ba800000, 0x00000000ba800000, 0x00000000ba900000|  0%| F|  |TAMS 0x00000000ba800000| PB 0x00000000ba800000| Untracked 
| 407|0x00000000ba900000, 0x00000000ba900000, 0x00000000baa00000|  0%| F|  |TAMS 0x00000000ba900000| PB 0x00000000ba900000| Untracked 
| 408|0x00000000baa00000, 0x00000000baa00000, 0x00000000bab00000|  0%| F|  |TAMS 0x00000000baa00000| PB 0x00000000baa00000| Untracked 
| 409|0x00000000bab00000, 0x00000000bab00000, 0x00000000bac00000|  0%| F|  |TAMS 0x00000000bab00000| PB 0x00000000bab00000| Untracked 
| 410|0x00000000bac00000, 0x00000000bac00000, 0x00000000bad00000|  0%| F|  |TAMS 0x00000000bac00000| PB 0x00000000bac00000| Untracked 
| 411|0x00000000bad00000, 0x00000000bad00000, 0x00000000bae00000|  0%| F|  |TAMS 0x00000000bad00000| PB 0x00000000bad00000| Untracked 
| 412|0x00000000bae00000, 0x00000000bae00000, 0x00000000baf00000|  0%| F|  |TAMS 0x00000000bae00000| PB 0x00000000bae00000| Untracked 
| 413|0x00000000baf00000, 0x00000000baf00000, 0x00000000bb000000|  0%| F|  |TAMS 0x00000000baf00000| PB 0x00000000baf00000| Untracked 
| 414|0x00000000bb000000, 0x00000000bb000000, 0x00000000bb100000|  0%| F|  |TAMS 0x00000000bb000000| PB 0x00000000bb000000| Untracked 
| 415|0x00000000bb100000, 0x00000000bb100000, 0x00000000bb200000|  0%| F|  |TAMS 0x00000000bb100000| PB 0x00000000bb100000| Untracked 
| 416|0x00000000bb200000, 0x00000000bb200000, 0x00000000bb300000|  0%| F|  |TAMS 0x00000000bb200000| PB 0x00000000bb200000| Untracked 
| 417|0x00000000bb300000, 0x00000000bb300000, 0x00000000bb400000|  0%| F|  |TAMS 0x00000000bb300000| PB 0x00000000bb300000| Untracked 
| 418|0x00000000bb400000, 0x00000000bb400000, 0x00000000bb500000|  0%| F|  |TAMS 0x00000000bb400000| PB 0x00000000bb400000| Untracked 
| 419|0x00000000bb500000, 0x00000000bb500000, 0x00000000bb600000|  0%| F|  |TAMS 0x00000000bb500000| PB 0x00000000bb500000| Untracked 
| 420|0x00000000bb600000, 0x00000000bb600000, 0x00000000bb700000|  0%| F|  |TAMS 0x00000000bb600000| PB 0x00000000bb600000| Untracked 
| 421|0x00000000bb700000, 0x00000000bb700000, 0x00000000bb800000|  0%| F|  |TAMS 0x00000000bb700000| PB 0x00000000bb700000| Untracked 
| 422|0x00000000bb800000, 0x00000000bb800000, 0x00000000bb900000|  0%| F|  |TAMS 0x00000000bb800000| PB 0x00000000bb800000| Untracked 
| 423|0x00000000bb900000, 0x00000000bb900000, 0x00000000bba00000|  0%| F|  |TAMS 0x00000000bb900000| PB 0x00000000bb900000| Untracked 
| 424|0x00000000bba00000, 0x00000000bba00000, 0x00000000bbb00000|  0%| F|  |TAMS 0x00000000bba00000| PB 0x00000000bba00000| Untracked 
| 425|0x00000000bbb00000, 0x00000000bbb00000, 0x00000000bbc00000|  0%| F|  |TAMS 0x00000000bbb00000| PB 0x00000000bbb00000| Untracked 
| 426|0x00000000bbc00000, 0x00000000bbc00000, 0x00000000bbd00000|  0%| F|  |TAMS 0x00000000bbc00000| PB 0x00000000bbc00000| Untracked 
| 427|0x00000000bbd00000, 0x00000000bbd00000, 0x00000000bbe00000|  0%| F|  |TAMS 0x00000000bbd00000| PB 0x00000000bbd00000| Untracked 
| 428|0x00000000bbe00000, 0x00000000bbe00000, 0x00000000bbf00000|  0%| F|  |TAMS 0x00000000bbe00000| PB 0x00000000bbe00000| Untracked 
| 429|0x00000000bbf00000, 0x00000000bbf00000, 0x00000000bc000000|  0%| F|  |TAMS 0x00000000bbf00000| PB 0x00000000bbf00000| Untracked 
| 430|0x00000000bc000000, 0x00000000bc000000, 0x00000000bc100000|  0%| F|  |TAMS 0x00000000bc000000| PB 0x00000000bc000000| Untracked 
| 431|0x00000000bc100000, 0x00000000bc100000, 0x00000000bc200000|  0%| F|  |TAMS 0x00000000bc100000| PB 0x00000000bc100000| Untracked 
| 432|0x00000000bc200000, 0x00000000bc200000, 0x00000000bc300000|  0%| F|  |TAMS 0x00000000bc200000| PB 0x00000000bc200000| Untracked 
| 433|0x00000000bc300000, 0x00000000bc300000, 0x00000000bc400000|  0%| F|  |TAMS 0x00000000bc300000| PB 0x00000000bc300000| Untracked 
| 434|0x00000000bc400000, 0x00000000bc400000, 0x00000000bc500000|  0%| F|  |TAMS 0x00000000bc400000| PB 0x00000000bc400000| Untracked 
| 435|0x00000000bc500000, 0x00000000bc500000, 0x00000000bc600000|  0%| F|  |TAMS 0x00000000bc500000| PB 0x00000000bc500000| Untracked 
| 436|0x00000000bc600000, 0x00000000bc600000, 0x00000000bc700000|  0%| F|  |TAMS 0x00000000bc600000| PB 0x00000000bc600000| Untracked 
| 437|0x00000000bc700000, 0x00000000bc700000, 0x00000000bc800000|  0%| F|  |TAMS 0x00000000bc700000| PB 0x00000000bc700000| Untracked 
| 438|0x00000000bc800000, 0x00000000bc800000, 0x00000000bc900000|  0%| F|  |TAMS 0x00000000bc800000| PB 0x00000000bc800000| Untracked 
| 439|0x00000000bc900000, 0x00000000bc900000, 0x00000000bca00000|  0%| F|  |TAMS 0x00000000bc900000| PB 0x00000000bc900000| Untracked 
| 440|0x00000000bca00000, 0x00000000bca00000, 0x00000000bcb00000|  0%| F|  |TAMS 0x00000000bca00000| PB 0x00000000bca00000| Untracked 
| 441|0x00000000bcb00000, 0x00000000bcb00000, 0x00000000bcc00000|  0%| F|  |TAMS 0x00000000bcb00000| PB 0x00000000bcb00000| Untracked 
| 442|0x00000000bcc00000, 0x00000000bcc00000, 0x00000000bcd00000|  0%| F|  |TAMS 0x00000000bcc00000| PB 0x00000000bcc00000| Untracked 
| 443|0x00000000bcd00000, 0x00000000bce00000, 0x00000000bce00000|100%| E|  |TAMS 0x00000000bcd00000| PB 0x00000000bcd00000| Complete 
| 444|0x00000000bce00000, 0x00000000bcf00000, 0x00000000bcf00000|100%| E|CS|TAMS 0x00000000bce00000| PB 0x00000000bce00000| Complete 
| 445|0x00000000bcf00000, 0x00000000bd000000, 0x00000000bd000000|100%| E|CS|TAMS 0x00000000bcf00000| PB 0x00000000bcf00000| Complete 
| 446|0x00000000bd000000, 0x00000000bd100000, 0x00000000bd100000|100%| E|CS|TAMS 0x00000000bd000000| PB 0x00000000bd000000| Complete 
| 447|0x00000000bd100000, 0x00000000bd200000, 0x00000000bd200000|100%| E|CS|TAMS 0x00000000bd100000| PB 0x00000000bd100000| Complete 
| 448|0x00000000bd200000, 0x00000000bd300000, 0x00000000bd300000|100%| E|CS|TAMS 0x00000000bd200000| PB 0x00000000bd200000| Complete 
| 449|0x00000000bd300000, 0x00000000bd400000, 0x00000000bd400000|100%| E|CS|TAMS 0x00000000bd300000| PB 0x00000000bd300000| Complete 
| 450|0x00000000bd400000, 0x00000000bd500000, 0x00000000bd500000|100%| E|CS|TAMS 0x00000000bd400000| PB 0x00000000bd400000| Complete 
| 451|0x00000000bd500000, 0x00000000bd600000, 0x00000000bd600000|100%| E|CS|TAMS 0x00000000bd500000| PB 0x00000000bd500000| Complete 
| 452|0x00000000bd600000, 0x00000000bd700000, 0x00000000bd700000|100%| E|CS|TAMS 0x00000000bd600000| PB 0x00000000bd600000| Complete 
| 453|0x00000000bd700000, 0x00000000bd800000, 0x00000000bd800000|100%| E|CS|TAMS 0x00000000bd700000| PB 0x00000000bd700000| Complete 
| 454|0x00000000bd800000, 0x00000000bd900000, 0x00000000bd900000|100%| E|CS|TAMS 0x00000000bd800000| PB 0x00000000bd800000| Complete 
| 455|0x00000000bd900000, 0x00000000bda00000, 0x00000000bda00000|100%| E|CS|TAMS 0x00000000bd900000| PB 0x00000000bd900000| Complete 
| 456|0x00000000bda00000, 0x00000000bdb00000, 0x00000000bdb00000|100%| E|CS|TAMS 0x00000000bda00000| PB 0x00000000bda00000| Complete 
| 457|0x00000000bdb00000, 0x00000000bdc00000, 0x00000000bdc00000|100%| E|CS|TAMS 0x00000000bdb00000| PB 0x00000000bdb00000| Complete 
| 458|0x00000000bdc00000, 0x00000000bdd00000, 0x00000000bdd00000|100%| E|CS|TAMS 0x00000000bdc00000| PB 0x00000000bdc00000| Complete 
| 459|0x00000000bdd00000, 0x00000000bde00000, 0x00000000bde00000|100%| E|CS|TAMS 0x00000000bdd00000| PB 0x00000000bdd00000| Complete 
| 460|0x00000000bde00000, 0x00000000bdf00000, 0x00000000bdf00000|100%| E|CS|TAMS 0x00000000bde00000| PB 0x00000000bde00000| Complete 
| 461|0x00000000bdf00000, 0x00000000be000000, 0x00000000be000000|100%| E|CS|TAMS 0x00000000bdf00000| PB 0x00000000bdf00000| Complete 
| 462|0x00000000be000000, 0x00000000be100000, 0x00000000be100000|100%| E|CS|TAMS 0x00000000be000000| PB 0x00000000be000000| Complete 
| 463|0x00000000be100000, 0x00000000be200000, 0x00000000be200000|100%| E|CS|TAMS 0x00000000be100000| PB 0x00000000be100000| Complete 
| 464|0x00000000be200000, 0x00000000be300000, 0x00000000be300000|100%| E|CS|TAMS 0x00000000be200000| PB 0x00000000be200000| Complete 
| 465|0x00000000be300000, 0x00000000be400000, 0x00000000be400000|100%| E|CS|TAMS 0x00000000be300000| PB 0x00000000be300000| Complete 
| 466|0x00000000be400000, 0x00000000be500000, 0x00000000be500000|100%| E|CS|TAMS 0x00000000be400000| PB 0x00000000be400000| Complete 
| 467|0x00000000be500000, 0x00000000be600000, 0x00000000be600000|100%| E|CS|TAMS 0x00000000be500000| PB 0x00000000be500000| Complete 
| 468|0x00000000be600000, 0x00000000be700000, 0x00000000be700000|100%| E|CS|TAMS 0x00000000be600000| PB 0x00000000be600000| Complete 
| 469|0x00000000be700000, 0x00000000be800000, 0x00000000be800000|100%| E|CS|TAMS 0x00000000be700000| PB 0x00000000be700000| Complete 
| 470|0x00000000be800000, 0x00000000be900000, 0x00000000be900000|100%| E|CS|TAMS 0x00000000be800000| PB 0x00000000be800000| Complete 
| 471|0x00000000be900000, 0x00000000bea00000, 0x00000000bea00000|100%| E|CS|TAMS 0x00000000be900000| PB 0x00000000be900000| Complete 
| 472|0x00000000bea00000, 0x00000000beb00000, 0x00000000beb00000|100%| E|CS|TAMS 0x00000000bea00000| PB 0x00000000bea00000| Complete 
| 473|0x00000000beb00000, 0x00000000bec00000, 0x00000000bec00000|100%| E|CS|TAMS 0x00000000beb00000| PB 0x00000000beb00000| Complete 
| 474|0x00000000bec00000, 0x00000000bed00000, 0x00000000bed00000|100%| E|CS|TAMS 0x00000000bec00000| PB 0x00000000bec00000| Complete 
| 475|0x00000000bed00000, 0x00000000bee00000, 0x00000000bee00000|100%| E|CS|TAMS 0x00000000bed00000| PB 0x00000000bed00000| Complete 
| 476|0x00000000bee00000, 0x00000000bef00000, 0x00000000bef00000|100%| E|CS|TAMS 0x00000000bee00000| PB 0x00000000bee00000| Complete 
| 477|0x00000000bef00000, 0x00000000bf000000, 0x00000000bf000000|100%| E|CS|TAMS 0x00000000bef00000| PB 0x00000000bef00000| Complete 
| 478|0x00000000bf000000, 0x00000000bf100000, 0x00000000bf100000|100%| E|CS|TAMS 0x00000000bf000000| PB 0x00000000bf000000| Complete 
| 479|0x00000000bf100000, 0x00000000bf200000, 0x00000000bf200000|100%| E|CS|TAMS 0x00000000bf100000| PB 0x00000000bf100000| Complete 
| 480|0x00000000bf200000, 0x00000000bf300000, 0x00000000bf300000|100%| E|CS|TAMS 0x00000000bf200000| PB 0x00000000bf200000| Complete 
| 481|0x00000000bf300000, 0x00000000bf400000, 0x00000000bf400000|100%| E|CS|TAMS 0x00000000bf300000| PB 0x00000000bf300000| Complete 
| 482|0x00000000bf400000, 0x00000000bf500000, 0x00000000bf500000|100%| E|CS|TAMS 0x00000000bf400000| PB 0x00000000bf400000| Complete 
| 483|0x00000000bf500000, 0x00000000bf600000, 0x00000000bf600000|100%| E|CS|TAMS 0x00000000bf500000| PB 0x00000000bf500000| Complete 
| 484|0x00000000bf600000, 0x00000000bf700000, 0x00000000bf700000|100%| E|CS|TAMS 0x00000000bf600000| PB 0x00000000bf600000| Complete 
| 485|0x00000000bf700000, 0x00000000bf800000, 0x00000000bf800000|100%| E|CS|TAMS 0x00000000bf700000| PB 0x00000000bf700000| Complete 
| 486|0x00000000bf800000, 0x00000000bf900000, 0x00000000bf900000|100%| E|CS|TAMS 0x00000000bf800000| PB 0x00000000bf800000| Complete 
| 487|0x00000000bf900000, 0x00000000bfa00000, 0x00000000bfa00000|100%| E|CS|TAMS 0x00000000bf900000| PB 0x00000000bf900000| Complete 
| 488|0x00000000bfa00000, 0x00000000bfb00000, 0x00000000bfb00000|100%| E|CS|TAMS 0x00000000bfa00000| PB 0x00000000bfa00000| Complete 
| 489|0x00000000bfb00000, 0x00000000bfc00000, 0x00000000bfc00000|100%| E|CS|TAMS 0x00000000bfb00000| PB 0x00000000bfb00000| Complete 
| 490|0x00000000bfc00000, 0x00000000bfd00000, 0x00000000bfd00000|100%| E|CS|TAMS 0x00000000bfc00000| PB 0x00000000bfc00000| Complete 
| 491|0x00000000bfd00000, 0x00000000bfe00000, 0x00000000bfe00000|100%| E|CS|TAMS 0x00000000bfd00000| PB 0x00000000bfd00000| Complete 
| 492|0x00000000bfe00000, 0x00000000bff00000, 0x00000000bff00000|100%| E|CS|TAMS 0x00000000bfe00000| PB 0x00000000bfe00000| Complete 
| 493|0x00000000bff00000, 0x00000000c0000000, 0x00000000c0000000|100%| E|CS|TAMS 0x00000000bff00000| PB 0x00000000bff00000| Complete 
| 494|0x00000000c0000000, 0x00000000c0100000, 0x00000000c0100000|100%| E|CS|TAMS 0x00000000c0000000| PB 0x00000000c0000000| Complete 
| 495|0x00000000c0100000, 0x00000000c0200000, 0x00000000c0200000|100%| E|CS|TAMS 0x00000000c0100000| PB 0x00000000c0100000| Complete 
| 496|0x00000000c0200000, 0x00000000c0300000, 0x00000000c0300000|100%| E|CS|TAMS 0x00000000c0200000| PB 0x00000000c0200000| Complete 
| 497|0x00000000c0300000, 0x00000000c0400000, 0x00000000c0400000|100%| E|CS|TAMS 0x00000000c0300000| PB 0x00000000c0300000| Complete 
| 498|0x00000000c0400000, 0x00000000c0500000, 0x00000000c0500000|100%| E|CS|TAMS 0x00000000c0400000| PB 0x00000000c0400000| Complete 
| 499|0x00000000c0500000, 0x00000000c0600000, 0x00000000c0600000|100%| E|CS|TAMS 0x00000000c0500000| PB 0x00000000c0500000| Complete 
| 500|0x00000000c0600000, 0x00000000c0700000, 0x00000000c0700000|100%| E|CS|TAMS 0x00000000c0600000| PB 0x00000000c0600000| Complete 
| 501|0x00000000c0700000, 0x00000000c0800000, 0x00000000c0800000|100%| E|CS|TAMS 0x00000000c0700000| PB 0x00000000c0700000| Complete 
| 502|0x00000000c0800000, 0x00000000c0900000, 0x00000000c0900000|100%| E|CS|TAMS 0x00000000c0800000| PB 0x00000000c0800000| Complete 
| 503|0x00000000c0900000, 0x00000000c0a00000, 0x00000000c0a00000|100%| E|CS|TAMS 0x00000000c0900000| PB 0x00000000c0900000| Complete 
| 504|0x00000000c0a00000, 0x00000000c0b00000, 0x00000000c0b00000|100%| E|CS|TAMS 0x00000000c0a00000| PB 0x00000000c0a00000| Complete 
| 505|0x00000000c0b00000, 0x00000000c0c00000, 0x00000000c0c00000|100%| E|CS|TAMS 0x00000000c0b00000| PB 0x00000000c0b00000| Complete 
| 506|0x00000000c0c00000, 0x00000000c0d00000, 0x00000000c0d00000|100%| E|CS|TAMS 0x00000000c0c00000| PB 0x00000000c0c00000| Complete 
| 507|0x00000000c0d00000, 0x00000000c0e00000, 0x00000000c0e00000|100%| E|CS|TAMS 0x00000000c0d00000| PB 0x00000000c0d00000| Complete 
| 508|0x00000000c0e00000, 0x00000000c0f00000, 0x00000000c0f00000|100%| E|CS|TAMS 0x00000000c0e00000| PB 0x00000000c0e00000| Complete 
| 509|0x00000000c0f00000, 0x00000000c1000000, 0x00000000c1000000|100%| E|CS|TAMS 0x00000000c0f00000| PB 0x00000000c0f00000| Complete 
| 510|0x00000000c1000000, 0x00000000c1100000, 0x00000000c1100000|100%| E|CS|TAMS 0x00000000c1000000| PB 0x00000000c1000000| Complete 
| 511|0x00000000c1100000, 0x00000000c1200000, 0x00000000c1200000|100%| E|CS|TAMS 0x00000000c1100000| PB 0x00000000c1100000| Complete 
| 512|0x00000000c1200000, 0x00000000c1300000, 0x00000000c1300000|100%| E|CS|TAMS 0x00000000c1200000| PB 0x00000000c1200000| Complete 
| 513|0x00000000c1300000, 0x00000000c1400000, 0x00000000c1400000|100%| E|CS|TAMS 0x00000000c1300000| PB 0x00000000c1300000| Complete 
| 514|0x00000000c1400000, 0x00000000c1500000, 0x00000000c1500000|100%| E|CS|TAMS 0x00000000c1400000| PB 0x00000000c1400000| Complete 
| 515|0x00000000c1500000, 0x00000000c1600000, 0x00000000c1600000|100%| E|CS|TAMS 0x00000000c1500000| PB 0x00000000c1500000| Complete 
| 516|0x00000000c1600000, 0x00000000c1700000, 0x00000000c1700000|100%| E|CS|TAMS 0x00000000c1600000| PB 0x00000000c1600000| Complete 
| 517|0x00000000c1700000, 0x00000000c1800000, 0x00000000c1800000|100%| E|CS|TAMS 0x00000000c1700000| PB 0x00000000c1700000| Complete 
| 518|0x00000000c1800000, 0x00000000c1900000, 0x00000000c1900000|100%| E|CS|TAMS 0x00000000c1800000| PB 0x00000000c1800000| Complete 
| 519|0x00000000c1900000, 0x00000000c1a00000, 0x00000000c1a00000|100%| E|CS|TAMS 0x00000000c1900000| PB 0x00000000c1900000| Complete 
| 520|0x00000000c1a00000, 0x00000000c1b00000, 0x00000000c1b00000|100%| E|CS|TAMS 0x00000000c1a00000| PB 0x00000000c1a00000| Complete 
| 521|0x00000000c1b00000, 0x00000000c1c00000, 0x00000000c1c00000|100%| E|CS|TAMS 0x00000000c1b00000| PB 0x00000000c1b00000| Complete 
| 522|0x00000000c1c00000, 0x00000000c1d00000, 0x00000000c1d00000|100%| E|CS|TAMS 0x00000000c1c00000| PB 0x00000000c1c00000| Complete 
| 523|0x00000000c1d00000, 0x00000000c1e00000, 0x00000000c1e00000|100%| E|CS|TAMS 0x00000000c1d00000| PB 0x00000000c1d00000| Complete 
| 524|0x00000000c1e00000, 0x00000000c1f00000, 0x00000000c1f00000|100%| E|CS|TAMS 0x00000000c1e00000| PB 0x00000000c1e00000| Complete 
| 525|0x00000000c1f00000, 0x00000000c2000000, 0x00000000c2000000|100%| E|CS|TAMS 0x00000000c1f00000| PB 0x00000000c1f00000| Complete 
| 526|0x00000000c2000000, 0x00000000c2100000, 0x00000000c2100000|100%| E|CS|TAMS 0x00000000c2000000| PB 0x00000000c2000000| Complete 
| 527|0x00000000c2100000, 0x00000000c2200000, 0x00000000c2200000|100%| E|CS|TAMS 0x00000000c2100000| PB 0x00000000c2100000| Complete 
| 528|0x00000000c2200000, 0x00000000c2300000, 0x00000000c2300000|100%| E|CS|TAMS 0x00000000c2200000| PB 0x00000000c2200000| Complete 
| 529|0x00000000c2300000, 0x00000000c2400000, 0x00000000c2400000|100%| E|CS|TAMS 0x00000000c2300000| PB 0x00000000c2300000| Complete 
| 530|0x00000000c2400000, 0x00000000c2500000, 0x00000000c2500000|100%| E|CS|TAMS 0x00000000c2400000| PB 0x00000000c2400000| Complete 
| 531|0x00000000c2500000, 0x00000000c2600000, 0x00000000c2600000|100%| E|CS|TAMS 0x00000000c2500000| PB 0x00000000c2500000| Complete 
| 532|0x00000000c2600000, 0x00000000c2700000, 0x00000000c2700000|100%| E|CS|TAMS 0x00000000c2600000| PB 0x00000000c2600000| Complete 
| 533|0x00000000c2700000, 0x00000000c2800000, 0x00000000c2800000|100%| E|CS|TAMS 0x00000000c2700000| PB 0x00000000c2700000| Complete 
| 534|0x00000000c2800000, 0x00000000c2900000, 0x00000000c2900000|100%| E|CS|TAMS 0x00000000c2800000| PB 0x00000000c2800000| Complete 
| 535|0x00000000c2900000, 0x00000000c2a00000, 0x00000000c2a00000|100%| E|CS|TAMS 0x00000000c2900000| PB 0x00000000c2900000| Complete 
| 536|0x00000000c2a00000, 0x00000000c2b00000, 0x00000000c2b00000|100%| E|CS|TAMS 0x00000000c2a00000| PB 0x00000000c2a00000| Complete 
| 537|0x00000000c2b00000, 0x00000000c2c00000, 0x00000000c2c00000|100%| E|CS|TAMS 0x00000000c2b00000| PB 0x00000000c2b00000| Complete 
| 538|0x00000000c2c00000, 0x00000000c2d00000, 0x00000000c2d00000|100%| E|CS|TAMS 0x00000000c2c00000| PB 0x00000000c2c00000| Complete 
| 539|0x00000000c2d00000, 0x00000000c2e00000, 0x00000000c2e00000|100%| E|CS|TAMS 0x00000000c2d00000| PB 0x00000000c2d00000| Complete 
| 540|0x00000000c2e00000, 0x00000000c2f00000, 0x00000000c2f00000|100%| E|CS|TAMS 0x00000000c2e00000| PB 0x00000000c2e00000| Complete 
| 541|0x00000000c2f00000, 0x00000000c3000000, 0x00000000c3000000|100%| E|CS|TAMS 0x00000000c2f00000| PB 0x00000000c2f00000| Complete 
| 542|0x00000000c3000000, 0x00000000c3100000, 0x00000000c3100000|100%| E|CS|TAMS 0x00000000c3000000| PB 0x00000000c3000000| Complete 
| 543|0x00000000c3100000, 0x00000000c3200000, 0x00000000c3200000|100%| E|CS|TAMS 0x00000000c3100000| PB 0x00000000c3100000| Complete 
| 544|0x00000000c3200000, 0x00000000c3300000, 0x00000000c3300000|100%| E|CS|TAMS 0x00000000c3200000| PB 0x00000000c3200000| Complete 
| 545|0x00000000c3300000, 0x00000000c3400000, 0x00000000c3400000|100%| E|CS|TAMS 0x00000000c3300000| PB 0x00000000c3300000| Complete 
| 546|0x00000000c3400000, 0x00000000c3500000, 0x00000000c3500000|100%| E|CS|TAMS 0x00000000c3400000| PB 0x00000000c3400000| Complete 
| 547|0x00000000c3500000, 0x00000000c3600000, 0x00000000c3600000|100%| E|CS|TAMS 0x00000000c3500000| PB 0x00000000c3500000| Complete 
| 548|0x00000000c3600000, 0x00000000c3700000, 0x00000000c3700000|100%| E|CS|TAMS 0x00000000c3600000| PB 0x00000000c3600000| Complete 
| 549|0x00000000c3700000, 0x00000000c3800000, 0x00000000c3800000|100%| E|CS|TAMS 0x00000000c3700000| PB 0x00000000c3700000| Complete 
| 550|0x00000000c3800000, 0x00000000c3900000, 0x00000000c3900000|100%| E|CS|TAMS 0x00000000c3800000| PB 0x00000000c3800000| Complete 
| 551|0x00000000c3900000, 0x00000000c3a00000, 0x00000000c3a00000|100%| E|CS|TAMS 0x00000000c3900000| PB 0x00000000c3900000| Complete 
| 552|0x00000000c3a00000, 0x00000000c3b00000, 0x00000000c3b00000|100%| E|CS|TAMS 0x00000000c3a00000| PB 0x00000000c3a00000| Complete 
| 553|0x00000000c3b00000, 0x00000000c3c00000, 0x00000000c3c00000|100%| E|CS|TAMS 0x00000000c3b00000| PB 0x00000000c3b00000| Complete 
| 554|0x00000000c3c00000, 0x00000000c3d00000, 0x00000000c3d00000|100%| E|CS|TAMS 0x00000000c3c00000| PB 0x00000000c3c00000| Complete 
| 555|0x00000000c3d00000, 0x00000000c3e00000, 0x00000000c3e00000|100%| E|CS|TAMS 0x00000000c3d00000| PB 0x00000000c3d00000| Complete 
| 556|0x00000000c3e00000, 0x00000000c3f00000, 0x00000000c3f00000|100%| E|CS|TAMS 0x00000000c3e00000| PB 0x00000000c3e00000| Complete 
| 557|0x00000000c3f00000, 0x00000000c4000000, 0x00000000c4000000|100%| E|CS|TAMS 0x00000000c3f00000| PB 0x00000000c3f00000| Complete 
| 558|0x00000000c4000000, 0x00000000c4100000, 0x00000000c4100000|100%| E|CS|TAMS 0x00000000c4000000| PB 0x00000000c4000000| Complete 
| 559|0x00000000c4100000, 0x00000000c4200000, 0x00000000c4200000|100%| E|CS|TAMS 0x00000000c4100000| PB 0x00000000c4100000| Complete 
| 560|0x00000000c4200000, 0x00000000c4300000, 0x00000000c4300000|100%| E|CS|TAMS 0x00000000c4200000| PB 0x00000000c4200000| Complete 
| 561|0x00000000c4300000, 0x00000000c4400000, 0x00000000c4400000|100%| E|CS|TAMS 0x00000000c4300000| PB 0x00000000c4300000| Complete 
| 562|0x00000000c4400000, 0x00000000c4500000, 0x00000000c4500000|100%| E|CS|TAMS 0x00000000c4400000| PB 0x00000000c4400000| Complete 
| 563|0x00000000c4500000, 0x00000000c4600000, 0x00000000c4600000|100%| E|CS|TAMS 0x00000000c4500000| PB 0x00000000c4500000| Complete 
| 564|0x00000000c4600000, 0x00000000c4700000, 0x00000000c4700000|100%| E|CS|TAMS 0x00000000c4600000| PB 0x00000000c4600000| Complete 
| 565|0x00000000c4700000, 0x00000000c4800000, 0x00000000c4800000|100%| E|CS|TAMS 0x00000000c4700000| PB 0x00000000c4700000| Complete 
| 566|0x00000000c4800000, 0x00000000c4900000, 0x00000000c4900000|100%| E|CS|TAMS 0x00000000c4800000| PB 0x00000000c4800000| Complete 
| 567|0x00000000c4900000, 0x00000000c4a00000, 0x00000000c4a00000|100%| E|CS|TAMS 0x00000000c4900000| PB 0x00000000c4900000| Complete 
| 568|0x00000000c4a00000, 0x00000000c4b00000, 0x00000000c4b00000|100%| E|CS|TAMS 0x00000000c4a00000| PB 0x00000000c4a00000| Complete 
| 569|0x00000000c4b00000, 0x00000000c4c00000, 0x00000000c4c00000|100%| E|CS|TAMS 0x00000000c4b00000| PB 0x00000000c4b00000| Complete 
| 570|0x00000000c4c00000, 0x00000000c4d00000, 0x00000000c4d00000|100%| E|CS|TAMS 0x00000000c4c00000| PB 0x00000000c4c00000| Complete 
| 571|0x00000000c4d00000, 0x00000000c4e00000, 0x00000000c4e00000|100%| E|CS|TAMS 0x00000000c4d00000| PB 0x00000000c4d00000| Complete 
| 572|0x00000000c4e00000, 0x00000000c4f00000, 0x00000000c4f00000|100%| E|CS|TAMS 0x00000000c4e00000| PB 0x00000000c4e00000| Complete 
| 573|0x00000000c4f00000, 0x00000000c5000000, 0x00000000c5000000|100%| E|CS|TAMS 0x00000000c4f00000| PB 0x00000000c4f00000| Complete 
| 574|0x00000000c5000000, 0x00000000c5100000, 0x00000000c5100000|100%| E|CS|TAMS 0x00000000c5000000| PB 0x00000000c5000000| Complete 
| 575|0x00000000c5100000, 0x00000000c5200000, 0x00000000c5200000|100%| E|CS|TAMS 0x00000000c5100000| PB 0x00000000c5100000| Complete 
| 576|0x00000000c5200000, 0x00000000c5300000, 0x00000000c5300000|100%| E|CS|TAMS 0x00000000c5200000| PB 0x00000000c5200000| Complete 
| 577|0x00000000c5300000, 0x00000000c5400000, 0x00000000c5400000|100%| E|CS|TAMS 0x00000000c5300000| PB 0x00000000c5300000| Complete 
| 578|0x00000000c5400000, 0x00000000c5500000, 0x00000000c5500000|100%| E|CS|TAMS 0x00000000c5400000| PB 0x00000000c5400000| Complete 
| 579|0x00000000c5500000, 0x00000000c5600000, 0x00000000c5600000|100%| E|CS|TAMS 0x00000000c5500000| PB 0x00000000c5500000| Complete 
| 580|0x00000000c5600000, 0x00000000c5700000, 0x00000000c5700000|100%| E|CS|TAMS 0x00000000c5600000| PB 0x00000000c5600000| Complete 
| 581|0x00000000c5700000, 0x00000000c5800000, 0x00000000c5800000|100%| E|CS|TAMS 0x00000000c5700000| PB 0x00000000c5700000| Complete 
| 582|0x00000000c5800000, 0x00000000c5900000, 0x00000000c5900000|100%| E|CS|TAMS 0x00000000c5800000| PB 0x00000000c5800000| Complete 
| 583|0x00000000c5900000, 0x00000000c5a00000, 0x00000000c5a00000|100%| E|CS|TAMS 0x00000000c5900000| PB 0x00000000c5900000| Complete 
| 584|0x00000000c5a00000, 0x00000000c5b00000, 0x00000000c5b00000|100%| E|CS|TAMS 0x00000000c5a00000| PB 0x00000000c5a00000| Complete 
| 585|0x00000000c5b00000, 0x00000000c5c00000, 0x00000000c5c00000|100%| E|CS|TAMS 0x00000000c5b00000| PB 0x00000000c5b00000| Complete 
| 586|0x00000000c5c00000, 0x00000000c5d00000, 0x00000000c5d00000|100%| E|CS|TAMS 0x00000000c5c00000| PB 0x00000000c5c00000| Complete 
| 587|0x00000000c5d00000, 0x00000000c5e00000, 0x00000000c5e00000|100%| E|CS|TAMS 0x00000000c5d00000| PB 0x00000000c5d00000| Complete 
| 588|0x00000000c5e00000, 0x00000000c5f00000, 0x00000000c5f00000|100%| E|CS|TAMS 0x00000000c5e00000| PB 0x00000000c5e00000| Complete 
| 589|0x00000000c5f00000, 0x00000000c6000000, 0x00000000c6000000|100%| E|CS|TAMS 0x00000000c5f00000| PB 0x00000000c5f00000| Complete 
| 590|0x00000000c6000000, 0x00000000c6100000, 0x00000000c6100000|100%| E|CS|TAMS 0x00000000c6000000| PB 0x00000000c6000000| Complete 
| 591|0x00000000c6100000, 0x00000000c6200000, 0x00000000c6200000|100%| E|CS|TAMS 0x00000000c6100000| PB 0x00000000c6100000| Complete 
| 592|0x00000000c6200000, 0x00000000c6300000, 0x00000000c6300000|100%| E|CS|TAMS 0x00000000c6200000| PB 0x00000000c6200000| Complete 
| 593|0x00000000c6300000, 0x00000000c6400000, 0x00000000c6400000|100%| E|CS|TAMS 0x00000000c6300000| PB 0x00000000c6300000| Complete 
| 594|0x00000000c6400000, 0x00000000c6500000, 0x00000000c6500000|100%| E|CS|TAMS 0x00000000c6400000| PB 0x00000000c6400000| Complete 
| 595|0x00000000c6500000, 0x00000000c6600000, 0x00000000c6600000|100%| E|CS|TAMS 0x00000000c6500000| PB 0x00000000c6500000| Complete 
| 596|0x00000000c6600000, 0x00000000c6700000, 0x00000000c6700000|100%| E|CS|TAMS 0x00000000c6600000| PB 0x00000000c6600000| Complete 
| 597|0x00000000c6700000, 0x00000000c6800000, 0x00000000c6800000|100%| E|CS|TAMS 0x00000000c6700000| PB 0x00000000c6700000| Complete 
| 598|0x00000000c6800000, 0x00000000c6900000, 0x00000000c6900000|100%| E|CS|TAMS 0x00000000c6800000| PB 0x00000000c6800000| Complete 
| 599|0x00000000c6900000, 0x00000000c6a00000, 0x00000000c6a00000|100%| E|CS|TAMS 0x00000000c6900000| PB 0x00000000c6900000| Complete 
| 600|0x00000000c6a00000, 0x00000000c6b00000, 0x00000000c6b00000|100%| E|CS|TAMS 0x00000000c6a00000| PB 0x00000000c6a00000| Complete 
| 601|0x00000000c6b00000, 0x00000000c6c00000, 0x00000000c6c00000|100%| E|CS|TAMS 0x00000000c6b00000| PB 0x00000000c6b00000| Complete 
| 602|0x00000000c6c00000, 0x00000000c6d00000, 0x00000000c6d00000|100%| E|CS|TAMS 0x00000000c6c00000| PB 0x00000000c6c00000| Complete 
| 603|0x00000000c6d00000, 0x00000000c6e00000, 0x00000000c6e00000|100%| E|CS|TAMS 0x00000000c6d00000| PB 0x00000000c6d00000| Complete 
| 604|0x00000000c6e00000, 0x00000000c6f00000, 0x00000000c6f00000|100%| E|CS|TAMS 0x00000000c6e00000| PB 0x00000000c6e00000| Complete 
| 605|0x00000000c6f00000, 0x00000000c7000000, 0x00000000c7000000|100%| E|CS|TAMS 0x00000000c6f00000| PB 0x00000000c6f00000| Complete 
| 606|0x00000000c7000000, 0x00000000c7100000, 0x00000000c7100000|100%| E|CS|TAMS 0x00000000c7000000| PB 0x00000000c7000000| Complete 
| 607|0x00000000c7100000, 0x00000000c7200000, 0x00000000c7200000|100%| E|CS|TAMS 0x00000000c7100000| PB 0x00000000c7100000| Complete 
| 608|0x00000000c7200000, 0x00000000c7300000, 0x00000000c7300000|100%| E|CS|TAMS 0x00000000c7200000| PB 0x00000000c7200000| Complete 
| 609|0x00000000c7300000, 0x00000000c7400000, 0x00000000c7400000|100%| E|CS|TAMS 0x00000000c7300000| PB 0x00000000c7300000| Complete 
| 610|0x00000000c7400000, 0x00000000c7500000, 0x00000000c7500000|100%| E|CS|TAMS 0x00000000c7400000| PB 0x00000000c7400000| Complete 
| 611|0x00000000c7500000, 0x00000000c7600000, 0x00000000c7600000|100%| E|CS|TAMS 0x00000000c7500000| PB 0x00000000c7500000| Complete 
| 612|0x00000000c7600000, 0x00000000c7700000, 0x00000000c7700000|100%| E|CS|TAMS 0x00000000c7600000| PB 0x00000000c7600000| Complete 
| 613|0x00000000c7700000, 0x00000000c7800000, 0x00000000c7800000|100%| E|CS|TAMS 0x00000000c7700000| PB 0x00000000c7700000| Complete 
| 614|0x00000000c7800000, 0x00000000c7900000, 0x00000000c7900000|100%| E|CS|TAMS 0x00000000c7800000| PB 0x00000000c7800000| Complete 
| 615|0x00000000c7900000, 0x00000000c7a00000, 0x00000000c7a00000|100%| E|CS|TAMS 0x00000000c7900000| PB 0x00000000c7900000| Complete 
| 616|0x00000000c7a00000, 0x00000000c7b00000, 0x00000000c7b00000|100%| E|CS|TAMS 0x00000000c7a00000| PB 0x00000000c7a00000| Complete 
| 617|0x00000000c7b00000, 0x00000000c7c00000, 0x00000000c7c00000|100%| E|CS|TAMS 0x00000000c7b00000| PB 0x00000000c7b00000| Complete 
| 618|0x00000000c7c00000, 0x00000000c7d00000, 0x00000000c7d00000|100%| E|CS|TAMS 0x00000000c7c00000| PB 0x00000000c7c00000| Complete 
| 619|0x00000000c7d00000, 0x00000000c7e00000, 0x00000000c7e00000|100%| E|CS|TAMS 0x00000000c7d00000| PB 0x00000000c7d00000| Complete 
| 620|0x00000000c7e00000, 0x00000000c7f00000, 0x00000000c7f00000|100%| E|CS|TAMS 0x00000000c7e00000| PB 0x00000000c7e00000| Complete 
| 621|0x00000000c7f00000, 0x00000000c8000000, 0x00000000c8000000|100%| E|CS|TAMS 0x00000000c7f00000| PB 0x00000000c7f00000| Complete 
| 622|0x00000000c8000000, 0x00000000c8100000, 0x00000000c8100000|100%| E|CS|TAMS 0x00000000c8000000| PB 0x00000000c8000000| Complete 
| 623|0x00000000c8100000, 0x00000000c8200000, 0x00000000c8200000|100%| E|CS|TAMS 0x00000000c8100000| PB 0x00000000c8100000| Complete 
| 624|0x00000000c8200000, 0x00000000c8300000, 0x00000000c8300000|100%| E|CS|TAMS 0x00000000c8200000| PB 0x00000000c8200000| Complete 
| 625|0x00000000c8300000, 0x00000000c8400000, 0x00000000c8400000|100%| E|CS|TAMS 0x00000000c8300000| PB 0x00000000c8300000| Complete 
| 626|0x00000000c8400000, 0x00000000c8500000, 0x00000000c8500000|100%| E|CS|TAMS 0x00000000c8400000| PB 0x00000000c8400000| Complete 
| 627|0x00000000c8500000, 0x00000000c8600000, 0x00000000c8600000|100%| E|CS|TAMS 0x00000000c8500000| PB 0x00000000c8500000| Complete 
| 628|0x00000000c8600000, 0x00000000c8700000, 0x00000000c8700000|100%| E|CS|TAMS 0x00000000c8600000| PB 0x00000000c8600000| Complete 
| 629|0x00000000c8700000, 0x00000000c8800000, 0x00000000c8800000|100%| E|CS|TAMS 0x00000000c8700000| PB 0x00000000c8700000| Complete 
| 630|0x00000000c8800000, 0x00000000c8900000, 0x00000000c8900000|100%| E|CS|TAMS 0x00000000c8800000| PB 0x00000000c8800000| Complete 
| 631|0x00000000c8900000, 0x00000000c8a00000, 0x00000000c8a00000|100%| E|CS|TAMS 0x00000000c8900000| PB 0x00000000c8900000| Complete 
| 632|0x00000000c8a00000, 0x00000000c8b00000, 0x00000000c8b00000|100%| E|CS|TAMS 0x00000000c8a00000| PB 0x00000000c8a00000| Complete 
| 633|0x00000000c8b00000, 0x00000000c8c00000, 0x00000000c8c00000|100%| E|CS|TAMS 0x00000000c8b00000| PB 0x00000000c8b00000| Complete 
| 634|0x00000000c8c00000, 0x00000000c8d00000, 0x00000000c8d00000|100%| E|CS|TAMS 0x00000000c8c00000| PB 0x00000000c8c00000| Complete 
| 635|0x00000000c8d00000, 0x00000000c8e00000, 0x00000000c8e00000|100%| E|CS|TAMS 0x00000000c8d00000| PB 0x00000000c8d00000| Complete 
| 636|0x00000000c8e00000, 0x00000000c8f00000, 0x00000000c8f00000|100%| E|CS|TAMS 0x00000000c8e00000| PB 0x00000000c8e00000| Complete 
| 637|0x00000000c8f00000, 0x00000000c9000000, 0x00000000c9000000|100%| E|CS|TAMS 0x00000000c8f00000| PB 0x00000000c8f00000| Complete 
| 638|0x00000000c9000000, 0x00000000c9100000, 0x00000000c9100000|100%| E|CS|TAMS 0x00000000c9000000| PB 0x00000000c9000000| Complete 
| 639|0x00000000c9100000, 0x00000000c9200000, 0x00000000c9200000|100%| E|CS|TAMS 0x00000000c9100000| PB 0x00000000c9100000| Complete 
| 640|0x00000000c9200000, 0x00000000c9300000, 0x00000000c9300000|100%| E|CS|TAMS 0x00000000c9200000| PB 0x00000000c9200000| Complete 
| 641|0x00000000c9300000, 0x00000000c9400000, 0x00000000c9400000|100%| E|CS|TAMS 0x00000000c9300000| PB 0x00000000c9300000| Complete 
| 642|0x00000000c9400000, 0x00000000c9500000, 0x00000000c9500000|100%| E|CS|TAMS 0x00000000c9400000| PB 0x00000000c9400000| Complete 
| 643|0x00000000c9500000, 0x00000000c9600000, 0x00000000c9600000|100%| E|CS|TAMS 0x00000000c9500000| PB 0x00000000c9500000| Complete 
| 644|0x00000000c9600000, 0x00000000c9700000, 0x00000000c9700000|100%| E|CS|TAMS 0x00000000c9600000| PB 0x00000000c9600000| Complete 
| 645|0x00000000c9700000, 0x00000000c9800000, 0x00000000c9800000|100%| E|CS|TAMS 0x00000000c9700000| PB 0x00000000c9700000| Complete 
| 646|0x00000000c9800000, 0x00000000c9900000, 0x00000000c9900000|100%| E|CS|TAMS 0x00000000c9800000| PB 0x00000000c9800000| Complete 
| 647|0x00000000c9900000, 0x00000000c9a00000, 0x00000000c9a00000|100%| E|CS|TAMS 0x00000000c9900000| PB 0x00000000c9900000| Complete 
| 648|0x00000000c9a00000, 0x00000000c9b00000, 0x00000000c9b00000|100%| E|CS|TAMS 0x00000000c9a00000| PB 0x00000000c9a00000| Complete 
| 649|0x00000000c9b00000, 0x00000000c9c00000, 0x00000000c9c00000|100%| E|CS|TAMS 0x00000000c9b00000| PB 0x00000000c9b00000| Complete 
| 650|0x00000000c9c00000, 0x00000000c9d00000, 0x00000000c9d00000|100%| E|CS|TAMS 0x00000000c9c00000| PB 0x00000000c9c00000| Complete 
| 651|0x00000000c9d00000, 0x00000000c9e00000, 0x00000000c9e00000|100%| E|CS|TAMS 0x00000000c9d00000| PB 0x00000000c9d00000| Complete 
| 652|0x00000000c9e00000, 0x00000000c9f00000, 0x00000000c9f00000|100%| E|CS|TAMS 0x00000000c9e00000| PB 0x00000000c9e00000| Complete 
| 653|0x00000000c9f00000, 0x00000000ca000000, 0x00000000ca000000|100%| E|CS|TAMS 0x00000000c9f00000| PB 0x00000000c9f00000| Complete 
| 654|0x00000000ca000000, 0x00000000ca100000, 0x00000000ca100000|100%| E|CS|TAMS 0x00000000ca000000| PB 0x00000000ca000000| Complete 
| 655|0x00000000ca100000, 0x00000000ca200000, 0x00000000ca200000|100%| E|CS|TAMS 0x00000000ca100000| PB 0x00000000ca100000| Complete 
| 656|0x00000000ca200000, 0x00000000ca300000, 0x00000000ca300000|100%| E|CS|TAMS 0x00000000ca200000| PB 0x00000000ca200000| Complete 
| 657|0x00000000ca300000, 0x00000000ca400000, 0x00000000ca400000|100%| E|CS|TAMS 0x00000000ca300000| PB 0x00000000ca300000| Complete 
| 658|0x00000000ca400000, 0x00000000ca500000, 0x00000000ca500000|100%| E|CS|TAMS 0x00000000ca400000| PB 0x00000000ca400000| Complete 
| 659|0x00000000ca500000, 0x00000000ca600000, 0x00000000ca600000|100%| E|CS|TAMS 0x00000000ca500000| PB 0x00000000ca500000| Complete 
| 660|0x00000000ca600000, 0x00000000ca700000, 0x00000000ca700000|100%| E|CS|TAMS 0x00000000ca600000| PB 0x00000000ca600000| Complete 
| 661|0x00000000ca700000, 0x00000000ca800000, 0x00000000ca800000|100%| E|CS|TAMS 0x00000000ca700000| PB 0x00000000ca700000| Complete 
| 662|0x00000000ca800000, 0x00000000ca900000, 0x00000000ca900000|100%| E|CS|TAMS 0x00000000ca800000| PB 0x00000000ca800000| Complete 
| 663|0x00000000ca900000, 0x00000000caa00000, 0x00000000caa00000|100%| E|CS|TAMS 0x00000000ca900000| PB 0x00000000ca900000| Complete 
| 664|0x00000000caa00000, 0x00000000cab00000, 0x00000000cab00000|100%| E|CS|TAMS 0x00000000caa00000| PB 0x00000000caa00000| Complete 
| 665|0x00000000cab00000, 0x00000000cac00000, 0x00000000cac00000|100%| E|CS|TAMS 0x00000000cab00000| PB 0x00000000cab00000| Complete 
| 666|0x00000000cac00000, 0x00000000cad00000, 0x00000000cad00000|100%| E|CS|TAMS 0x00000000cac00000| PB 0x00000000cac00000| Complete 
| 667|0x00000000cad00000, 0x00000000cae00000, 0x00000000cae00000|100%| E|CS|TAMS 0x00000000cad00000| PB 0x00000000cad00000| Complete 
| 668|0x00000000cae00000, 0x00000000caf00000, 0x00000000caf00000|100%| E|CS|TAMS 0x00000000cae00000| PB 0x00000000cae00000| Complete 
| 669|0x00000000caf00000, 0x00000000cb000000, 0x00000000cb000000|100%| E|CS|TAMS 0x00000000caf00000| PB 0x00000000caf00000| Complete 
| 670|0x00000000cb000000, 0x00000000cb100000, 0x00000000cb100000|100%| E|CS|TAMS 0x00000000cb000000| PB 0x00000000cb000000| Complete 
| 671|0x00000000cb100000, 0x00000000cb200000, 0x00000000cb200000|100%| E|CS|TAMS 0x00000000cb100000| PB 0x00000000cb100000| Complete 
| 672|0x00000000cb200000, 0x00000000cb300000, 0x00000000cb300000|100%| E|CS|TAMS 0x00000000cb200000| PB 0x00000000cb200000| Complete 
| 673|0x00000000cb300000, 0x00000000cb400000, 0x00000000cb400000|100%| E|CS|TAMS 0x00000000cb300000| PB 0x00000000cb300000| Complete 
| 674|0x00000000cb400000, 0x00000000cb500000, 0x00000000cb500000|100%| E|CS|TAMS 0x00000000cb400000| PB 0x00000000cb400000| Complete 
| 675|0x00000000cb500000, 0x00000000cb600000, 0x00000000cb600000|100%| E|CS|TAMS 0x00000000cb500000| PB 0x00000000cb500000| Complete 
| 676|0x00000000cb600000, 0x00000000cb700000, 0x00000000cb700000|100%| E|CS|TAMS 0x00000000cb600000| PB 0x00000000cb600000| Complete 
| 677|0x00000000cb700000, 0x00000000cb800000, 0x00000000cb800000|100%| E|CS|TAMS 0x00000000cb700000| PB 0x00000000cb700000| Complete 
| 678|0x00000000cb800000, 0x00000000cb900000, 0x00000000cb900000|100%| E|CS|TAMS 0x00000000cb800000| PB 0x00000000cb800000| Complete 
| 679|0x00000000cb900000, 0x00000000cba00000, 0x00000000cba00000|100%| E|CS|TAMS 0x00000000cb900000| PB 0x00000000cb900000| Complete 
| 680|0x00000000cba00000, 0x00000000cbb00000, 0x00000000cbb00000|100%| E|CS|TAMS 0x00000000cba00000| PB 0x00000000cba00000| Complete 
| 681|0x00000000cbb00000, 0x00000000cbc00000, 0x00000000cbc00000|100%| E|CS|TAMS 0x00000000cbb00000| PB 0x00000000cbb00000| Complete 
| 682|0x00000000cbc00000, 0x00000000cbd00000, 0x00000000cbd00000|100%| E|CS|TAMS 0x00000000cbc00000| PB 0x00000000cbc00000| Complete 
| 683|0x00000000cbd00000, 0x00000000cbe00000, 0x00000000cbe00000|100%| E|CS|TAMS 0x00000000cbd00000| PB 0x00000000cbd00000| Complete 
| 684|0x00000000cbe00000, 0x00000000cbf00000, 0x00000000cbf00000|100%| E|CS|TAMS 0x00000000cbe00000| PB 0x00000000cbe00000| Complete 
| 685|0x00000000cbf00000, 0x00000000cc000000, 0x00000000cc000000|100%| E|CS|TAMS 0x00000000cbf00000| PB 0x00000000cbf00000| Complete 
| 686|0x00000000cc000000, 0x00000000cc100000, 0x00000000cc100000|100%| E|CS|TAMS 0x00000000cc000000| PB 0x00000000cc000000| Complete 
| 687|0x00000000cc100000, 0x00000000cc200000, 0x00000000cc200000|100%| E|CS|TAMS 0x00000000cc100000| PB 0x00000000cc100000| Complete 
| 688|0x00000000cc200000, 0x00000000cc300000, 0x00000000cc300000|100%| E|CS|TAMS 0x00000000cc200000| PB 0x00000000cc200000| Complete 
| 689|0x00000000cc300000, 0x00000000cc400000, 0x00000000cc400000|100%| E|CS|TAMS 0x00000000cc300000| PB 0x00000000cc300000| Complete 
| 690|0x00000000cc400000, 0x00000000cc500000, 0x00000000cc500000|100%| E|CS|TAMS 0x00000000cc400000| PB 0x00000000cc400000| Complete 
| 691|0x00000000cc500000, 0x00000000cc600000, 0x00000000cc600000|100%| E|CS|TAMS 0x00000000cc500000| PB 0x00000000cc500000| Complete 
| 692|0x00000000cc600000, 0x00000000cc700000, 0x00000000cc700000|100%| E|CS|TAMS 0x00000000cc600000| PB 0x00000000cc600000| Complete 
| 693|0x00000000cc700000, 0x00000000cc800000, 0x00000000cc800000|100%| E|CS|TAMS 0x00000000cc700000| PB 0x00000000cc700000| Complete 
| 694|0x00000000cc800000, 0x00000000cc900000, 0x00000000cc900000|100%| E|CS|TAMS 0x00000000cc800000| PB 0x00000000cc800000| Complete 
| 695|0x00000000cc900000, 0x00000000cca00000, 0x00000000cca00000|100%| E|CS|TAMS 0x00000000cc900000| PB 0x00000000cc900000| Complete 
| 696|0x00000000cca00000, 0x00000000ccb00000, 0x00000000ccb00000|100%| E|CS|TAMS 0x00000000cca00000| PB 0x00000000cca00000| Complete 
| 697|0x00000000ccb00000, 0x00000000ccc00000, 0x00000000ccc00000|100%| E|CS|TAMS 0x00000000ccb00000| PB 0x00000000ccb00000| Complete 
| 698|0x00000000ccc00000, 0x00000000ccd00000, 0x00000000ccd00000|100%| E|CS|TAMS 0x00000000ccc00000| PB 0x00000000ccc00000| Complete 
| 699|0x00000000ccd00000, 0x00000000cce00000, 0x00000000cce00000|100%| E|CS|TAMS 0x00000000ccd00000| PB 0x00000000ccd00000| Complete 
| 700|0x00000000cce00000, 0x00000000ccf00000, 0x00000000ccf00000|100%| E|CS|TAMS 0x00000000cce00000| PB 0x00000000cce00000| Complete 
| 701|0x00000000ccf00000, 0x00000000cd000000, 0x00000000cd000000|100%| E|CS|TAMS 0x00000000ccf00000| PB 0x00000000ccf00000| Complete 
| 702|0x00000000cd000000, 0x00000000cd100000, 0x00000000cd100000|100%| E|CS|TAMS 0x00000000cd000000| PB 0x00000000cd000000| Complete 
| 703|0x00000000cd100000, 0x00000000cd200000, 0x00000000cd200000|100%| E|CS|TAMS 0x00000000cd100000| PB 0x00000000cd100000| Complete 
| 704|0x00000000cd200000, 0x00000000cd300000, 0x00000000cd300000|100%| E|CS|TAMS 0x00000000cd200000| PB 0x00000000cd200000| Complete 
| 705|0x00000000cd300000, 0x00000000cd400000, 0x00000000cd400000|100%| E|CS|TAMS 0x00000000cd300000| PB 0x00000000cd300000| Complete 
| 706|0x00000000cd400000, 0x00000000cd500000, 0x00000000cd500000|100%| E|CS|TAMS 0x00000000cd400000| PB 0x00000000cd400000| Complete 
| 707|0x00000000cd500000, 0x00000000cd600000, 0x00000000cd600000|100%| E|CS|TAMS 0x00000000cd500000| PB 0x00000000cd500000| Complete 
| 708|0x00000000cd600000, 0x00000000cd700000, 0x00000000cd700000|100%| E|CS|TAMS 0x00000000cd600000| PB 0x00000000cd600000| Complete 
| 709|0x00000000cd700000, 0x00000000cd800000, 0x00000000cd800000|100%| E|CS|TAMS 0x00000000cd700000| PB 0x00000000cd700000| Complete 
| 710|0x00000000cd800000, 0x00000000cd900000, 0x00000000cd900000|100%| E|CS|TAMS 0x00000000cd800000| PB 0x00000000cd800000| Complete 
| 711|0x00000000cd900000, 0x00000000cda00000, 0x00000000cda00000|100%| E|CS|TAMS 0x00000000cd900000| PB 0x00000000cd900000| Complete 
| 712|0x00000000cda00000, 0x00000000cdb00000, 0x00000000cdb00000|100%| E|CS|TAMS 0x00000000cda00000| PB 0x00000000cda00000| Complete 
| 713|0x00000000cdb00000, 0x00000000cdc00000, 0x00000000cdc00000|100%| E|CS|TAMS 0x00000000cdb00000| PB 0x00000000cdb00000| Complete 
| 714|0x00000000cdc00000, 0x00000000cdd00000, 0x00000000cdd00000|100%| E|CS|TAMS 0x00000000cdc00000| PB 0x00000000cdc00000| Complete 
| 715|0x00000000cdd00000, 0x00000000cde00000, 0x00000000cde00000|100%| E|CS|TAMS 0x00000000cdd00000| PB 0x00000000cdd00000| Complete 
| 716|0x00000000cde00000, 0x00000000cdf00000, 0x00000000cdf00000|100%| E|CS|TAMS 0x00000000cde00000| PB 0x00000000cde00000| Complete 
| 717|0x00000000cdf00000, 0x00000000ce000000, 0x00000000ce000000|100%| E|CS|TAMS 0x00000000cdf00000| PB 0x00000000cdf00000| Complete 
| 718|0x00000000ce000000, 0x00000000ce100000, 0x00000000ce100000|100%| E|CS|TAMS 0x00000000ce000000| PB 0x00000000ce000000| Complete 
| 719|0x00000000ce100000, 0x00000000ce200000, 0x00000000ce200000|100%| E|CS|TAMS 0x00000000ce100000| PB 0x00000000ce100000| Complete 
| 720|0x00000000ce200000, 0x00000000ce300000, 0x00000000ce300000|100%| E|CS|TAMS 0x00000000ce200000| PB 0x00000000ce200000| Complete 
| 721|0x00000000ce300000, 0x00000000ce400000, 0x00000000ce400000|100%| E|CS|TAMS 0x00000000ce300000| PB 0x00000000ce300000| Complete 
| 722|0x00000000ce400000, 0x00000000ce500000, 0x00000000ce500000|100%| E|CS|TAMS 0x00000000ce400000| PB 0x00000000ce400000| Complete 
| 723|0x00000000ce500000, 0x00000000ce600000, 0x00000000ce600000|100%| E|CS|TAMS 0x00000000ce500000| PB 0x00000000ce500000| Complete 
| 724|0x00000000ce600000, 0x00000000ce700000, 0x00000000ce700000|100%| E|CS|TAMS 0x00000000ce600000| PB 0x00000000ce600000| Complete 
| 725|0x00000000ce700000, 0x00000000ce800000, 0x00000000ce800000|100%| E|CS|TAMS 0x00000000ce700000| PB 0x00000000ce700000| Complete 
| 726|0x00000000ce800000, 0x00000000ce900000, 0x00000000ce900000|100%| E|CS|TAMS 0x00000000ce800000| PB 0x00000000ce800000| Complete 
| 727|0x00000000ce900000, 0x00000000cea00000, 0x00000000cea00000|100%| E|CS|TAMS 0x00000000ce900000| PB 0x00000000ce900000| Complete 
| 728|0x00000000cea00000, 0x00000000ceb00000, 0x00000000ceb00000|100%| E|CS|TAMS 0x00000000cea00000| PB 0x00000000cea00000| Complete 
| 729|0x00000000ceb00000, 0x00000000cec00000, 0x00000000cec00000|100%| E|CS|TAMS 0x00000000ceb00000| PB 0x00000000ceb00000| Complete 
| 730|0x00000000cec00000, 0x00000000ced00000, 0x00000000ced00000|100%| E|CS|TAMS 0x00000000cec00000| PB 0x00000000cec00000| Complete 
| 731|0x00000000ced00000, 0x00000000cee00000, 0x00000000cee00000|100%| E|CS|TAMS 0x00000000ced00000| PB 0x00000000ced00000| Complete 
| 732|0x00000000cee00000, 0x00000000cef00000, 0x00000000cef00000|100%| E|CS|TAMS 0x00000000cee00000| PB 0x00000000cee00000| Complete 
| 733|0x00000000cef00000, 0x00000000cf000000, 0x00000000cf000000|100%| E|CS|TAMS 0x00000000cef00000| PB 0x00000000cef00000| Complete 
| 734|0x00000000cf000000, 0x00000000cf100000, 0x00000000cf100000|100%| E|CS|TAMS 0x00000000cf000000| PB 0x00000000cf000000| Complete 
| 735|0x00000000cf100000, 0x00000000cf200000, 0x00000000cf200000|100%| E|CS|TAMS 0x00000000cf100000| PB 0x00000000cf100000| Complete 
| 736|0x00000000cf200000, 0x00000000cf300000, 0x00000000cf300000|100%| E|CS|TAMS 0x00000000cf200000| PB 0x00000000cf200000| Complete 
| 737|0x00000000cf300000, 0x00000000cf400000, 0x00000000cf400000|100%| E|CS|TAMS 0x00000000cf300000| PB 0x00000000cf300000| Complete 
| 738|0x00000000cf400000, 0x00000000cf500000, 0x00000000cf500000|100%| E|CS|TAMS 0x00000000cf400000| PB 0x00000000cf400000| Complete 
| 739|0x00000000cf500000, 0x00000000cf600000, 0x00000000cf600000|100%| E|CS|TAMS 0x00000000cf500000| PB 0x00000000cf500000| Complete 
| 740|0x00000000cf600000, 0x00000000cf700000, 0x00000000cf700000|100%| E|CS|TAMS 0x00000000cf600000| PB 0x00000000cf600000| Complete 
| 741|0x00000000cf700000, 0x00000000cf800000, 0x00000000cf800000|100%| E|CS|TAMS 0x00000000cf700000| PB 0x00000000cf700000| Complete 
| 742|0x00000000cf800000, 0x00000000cf900000, 0x00000000cf900000|100%| E|CS|TAMS 0x00000000cf800000| PB 0x00000000cf800000| Complete 
| 743|0x00000000cf900000, 0x00000000cfa00000, 0x00000000cfa00000|100%| E|CS|TAMS 0x00000000cf900000| PB 0x00000000cf900000| Complete 
| 744|0x00000000cfa00000, 0x00000000cfb00000, 0x00000000cfb00000|100%| E|CS|TAMS 0x00000000cfa00000| PB 0x00000000cfa00000| Complete 
| 745|0x00000000cfb00000, 0x00000000cfc00000, 0x00000000cfc00000|100%| E|CS|TAMS 0x00000000cfb00000| PB 0x00000000cfb00000| Complete 
| 746|0x00000000cfc00000, 0x00000000cfd00000, 0x00000000cfd00000|100%| E|CS|TAMS 0x00000000cfc00000| PB 0x00000000cfc00000| Complete 
| 747|0x00000000cfd00000, 0x00000000cfe00000, 0x00000000cfe00000|100%| E|CS|TAMS 0x00000000cfd00000| PB 0x00000000cfd00000| Complete 
| 748|0x00000000cfe00000, 0x00000000cff00000, 0x00000000cff00000|100%| E|CS|TAMS 0x00000000cfe00000| PB 0x00000000cfe00000| Complete 
| 749|0x00000000cff00000, 0x00000000d0000000, 0x00000000d0000000|100%| E|CS|TAMS 0x00000000cff00000| PB 0x00000000cff00000| Complete 
| 750|0x00000000d0000000, 0x00000000d0100000, 0x00000000d0100000|100%| E|CS|TAMS 0x00000000d0000000| PB 0x00000000d0000000| Complete 
| 751|0x00000000d0100000, 0x00000000d0200000, 0x00000000d0200000|100%| E|CS|TAMS 0x00000000d0100000| PB 0x00000000d0100000| Complete 
| 752|0x00000000d0200000, 0x00000000d0300000, 0x00000000d0300000|100%| E|CS|TAMS 0x00000000d0200000| PB 0x00000000d0200000| Complete 
| 753|0x00000000d0300000, 0x00000000d0400000, 0x00000000d0400000|100%| E|CS|TAMS 0x00000000d0300000| PB 0x00000000d0300000| Complete 
| 754|0x00000000d0400000, 0x00000000d0500000, 0x00000000d0500000|100%| E|CS|TAMS 0x00000000d0400000| PB 0x00000000d0400000| Complete 
| 755|0x00000000d0500000, 0x00000000d0600000, 0x00000000d0600000|100%| E|CS|TAMS 0x00000000d0500000| PB 0x00000000d0500000| Complete 
| 756|0x00000000d0600000, 0x00000000d0700000, 0x00000000d0700000|100%| E|CS|TAMS 0x00000000d0600000| PB 0x00000000d0600000| Complete 
| 757|0x00000000d0700000, 0x00000000d0800000, 0x00000000d0800000|100%| E|CS|TAMS 0x00000000d0700000| PB 0x00000000d0700000| Complete 
| 758|0x00000000d0800000, 0x00000000d0900000, 0x00000000d0900000|100%| E|CS|TAMS 0x00000000d0800000| PB 0x00000000d0800000| Complete 
| 759|0x00000000d0900000, 0x00000000d0a00000, 0x00000000d0a00000|100%| E|CS|TAMS 0x00000000d0900000| PB 0x00000000d0900000| Complete 
| 760|0x00000000d0a00000, 0x00000000d0b00000, 0x00000000d0b00000|100%| E|CS|TAMS 0x00000000d0a00000| PB 0x00000000d0a00000| Complete 
| 761|0x00000000d0b00000, 0x00000000d0c00000, 0x00000000d0c00000|100%| E|CS|TAMS 0x00000000d0b00000| PB 0x00000000d0b00000| Complete 
| 762|0x00000000d0c00000, 0x00000000d0d00000, 0x00000000d0d00000|100%| E|CS|TAMS 0x00000000d0c00000| PB 0x00000000d0c00000| Complete 
| 763|0x00000000d0d00000, 0x00000000d0e00000, 0x00000000d0e00000|100%| E|CS|TAMS 0x00000000d0d00000| PB 0x00000000d0d00000| Complete 
| 764|0x00000000d0e00000, 0x00000000d0f00000, 0x00000000d0f00000|100%| E|CS|TAMS 0x00000000d0e00000| PB 0x00000000d0e00000| Complete 
| 765|0x00000000d0f00000, 0x00000000d1000000, 0x00000000d1000000|100%| E|CS|TAMS 0x00000000d0f00000| PB 0x00000000d0f00000| Complete 
| 766|0x00000000d1000000, 0x00000000d1100000, 0x00000000d1100000|100%| E|CS|TAMS 0x00000000d1000000| PB 0x00000000d1000000| Complete 
| 767|0x00000000d1100000, 0x00000000d1200000, 0x00000000d1200000|100%| E|CS|TAMS 0x00000000d1100000| PB 0x00000000d1100000| Complete 
| 768|0x00000000d1200000, 0x00000000d1300000, 0x00000000d1300000|100%| E|CS|TAMS 0x00000000d1200000| PB 0x00000000d1200000| Complete 
| 769|0x00000000d1300000, 0x00000000d1400000, 0x00000000d1400000|100%| E|CS|TAMS 0x00000000d1300000| PB 0x00000000d1300000| Complete 
| 770|0x00000000d1400000, 0x00000000d1500000, 0x00000000d1500000|100%| E|CS|TAMS 0x00000000d1400000| PB 0x00000000d1400000| Complete 
| 771|0x00000000d1500000, 0x00000000d1600000, 0x00000000d1600000|100%| E|CS|TAMS 0x00000000d1500000| PB 0x00000000d1500000| Complete 
| 772|0x00000000d1600000, 0x00000000d1700000, 0x00000000d1700000|100%| E|CS|TAMS 0x00000000d1600000| PB 0x00000000d1600000| Complete 
| 773|0x00000000d1700000, 0x00000000d1800000, 0x00000000d1800000|100%| E|CS|TAMS 0x00000000d1700000| PB 0x00000000d1700000| Complete 
| 774|0x00000000d1800000, 0x00000000d1900000, 0x00000000d1900000|100%| E|CS|TAMS 0x00000000d1800000| PB 0x00000000d1800000| Complete 
| 775|0x00000000d1900000, 0x00000000d1a00000, 0x00000000d1a00000|100%| E|CS|TAMS 0x00000000d1900000| PB 0x00000000d1900000| Complete 
| 776|0x00000000d1a00000, 0x00000000d1b00000, 0x00000000d1b00000|100%| E|CS|TAMS 0x00000000d1a00000| PB 0x00000000d1a00000| Complete 
| 777|0x00000000d1b00000, 0x00000000d1c00000, 0x00000000d1c00000|100%| E|CS|TAMS 0x00000000d1b00000| PB 0x00000000d1b00000| Complete 
| 778|0x00000000d1c00000, 0x00000000d1d00000, 0x00000000d1d00000|100%| E|CS|TAMS 0x00000000d1c00000| PB 0x00000000d1c00000| Complete 
| 779|0x00000000d1d00000, 0x00000000d1e00000, 0x00000000d1e00000|100%| E|CS|TAMS 0x00000000d1d00000| PB 0x00000000d1d00000| Complete 
| 780|0x00000000d1e00000, 0x00000000d1f00000, 0x00000000d1f00000|100%| E|CS|TAMS 0x00000000d1e00000| PB 0x00000000d1e00000| Complete 
| 781|0x00000000d1f00000, 0x00000000d2000000, 0x00000000d2000000|100%| E|CS|TAMS 0x00000000d1f00000| PB 0x00000000d1f00000| Complete 
| 782|0x00000000d2000000, 0x00000000d2100000, 0x00000000d2100000|100%| E|CS|TAMS 0x00000000d2000000| PB 0x00000000d2000000| Complete 
| 783|0x00000000d2100000, 0x00000000d2200000, 0x00000000d2200000|100%| E|CS|TAMS 0x00000000d2100000| PB 0x00000000d2100000| Complete 
| 784|0x00000000d2200000, 0x00000000d2300000, 0x00000000d2300000|100%| E|CS|TAMS 0x00000000d2200000| PB 0x00000000d2200000| Complete 
| 785|0x00000000d2300000, 0x00000000d2400000, 0x00000000d2400000|100%| E|CS|TAMS 0x00000000d2300000| PB 0x00000000d2300000| Complete 
| 786|0x00000000d2400000, 0x00000000d2500000, 0x00000000d2500000|100%| E|CS|TAMS 0x00000000d2400000| PB 0x00000000d2400000| Complete 
| 787|0x00000000d2500000, 0x00000000d2600000, 0x00000000d2600000|100%| E|CS|TAMS 0x00000000d2500000| PB 0x00000000d2500000| Complete 
| 788|0x00000000d2600000, 0x00000000d2700000, 0x00000000d2700000|100%| E|CS|TAMS 0x00000000d2600000| PB 0x00000000d2600000| Complete 
| 789|0x00000000d2700000, 0x00000000d2800000, 0x00000000d2800000|100%| E|CS|TAMS 0x00000000d2700000| PB 0x00000000d2700000| Complete 
| 790|0x00000000d2800000, 0x00000000d2900000, 0x00000000d2900000|100%| E|CS|TAMS 0x00000000d2800000| PB 0x00000000d2800000| Complete 
| 791|0x00000000d2900000, 0x00000000d2a00000, 0x00000000d2a00000|100%| E|CS|TAMS 0x00000000d2900000| PB 0x00000000d2900000| Complete 
| 792|0x00000000d2a00000, 0x00000000d2b00000, 0x00000000d2b00000|100%| E|CS|TAMS 0x00000000d2a00000| PB 0x00000000d2a00000| Complete 
| 793|0x00000000d2b00000, 0x00000000d2c00000, 0x00000000d2c00000|100%| E|CS|TAMS 0x00000000d2b00000| PB 0x00000000d2b00000| Complete 
| 794|0x00000000d2c00000, 0x00000000d2d00000, 0x00000000d2d00000|100%| E|CS|TAMS 0x00000000d2c00000| PB 0x00000000d2c00000| Complete 
| 795|0x00000000d2d00000, 0x00000000d2e00000, 0x00000000d2e00000|100%| E|CS|TAMS 0x00000000d2d00000| PB 0x00000000d2d00000| Complete 
| 796|0x00000000d2e00000, 0x00000000d2f00000, 0x00000000d2f00000|100%| E|CS|TAMS 0x00000000d2e00000| PB 0x00000000d2e00000| Complete 
| 797|0x00000000d2f00000, 0x00000000d3000000, 0x00000000d3000000|100%| E|CS|TAMS 0x00000000d2f00000| PB 0x00000000d2f00000| Complete 
| 798|0x00000000d3000000, 0x00000000d3100000, 0x00000000d3100000|100%| E|CS|TAMS 0x00000000d3000000| PB 0x00000000d3000000| Complete 
| 799|0x00000000d3100000, 0x00000000d3200000, 0x00000000d3200000|100%| E|CS|TAMS 0x00000000d3100000| PB 0x00000000d3100000| Complete 
| 800|0x00000000d3200000, 0x00000000d3300000, 0x00000000d3300000|100%| E|CS|TAMS 0x00000000d3200000| PB 0x00000000d3200000| Complete 
| 801|0x00000000d3300000, 0x00000000d3400000, 0x00000000d3400000|100%| E|CS|TAMS 0x00000000d3300000| PB 0x00000000d3300000| Complete 
| 802|0x00000000d3400000, 0x00000000d3500000, 0x00000000d3500000|100%| E|CS|TAMS 0x00000000d3400000| PB 0x00000000d3400000| Complete 
| 803|0x00000000d3500000, 0x00000000d3600000, 0x00000000d3600000|100%| E|CS|TAMS 0x00000000d3500000| PB 0x00000000d3500000| Complete 
| 804|0x00000000d3600000, 0x00000000d3700000, 0x00000000d3700000|100%| E|CS|TAMS 0x00000000d3600000| PB 0x00000000d3600000| Complete 
| 805|0x00000000d3700000, 0x00000000d3800000, 0x00000000d3800000|100%| E|CS|TAMS 0x00000000d3700000| PB 0x00000000d3700000| Complete 
| 806|0x00000000d3800000, 0x00000000d3900000, 0x00000000d3900000|100%| E|CS|TAMS 0x00000000d3800000| PB 0x00000000d3800000| Complete 
| 807|0x00000000d3900000, 0x00000000d3a00000, 0x00000000d3a00000|100%| E|CS|TAMS 0x00000000d3900000| PB 0x00000000d3900000| Complete 
| 808|0x00000000d3a00000, 0x00000000d3b00000, 0x00000000d3b00000|100%| E|CS|TAMS 0x00000000d3a00000| PB 0x00000000d3a00000| Complete 
| 809|0x00000000d3b00000, 0x00000000d3c00000, 0x00000000d3c00000|100%| E|CS|TAMS 0x00000000d3b00000| PB 0x00000000d3b00000| Complete 
| 810|0x00000000d3c00000, 0x00000000d3d00000, 0x00000000d3d00000|100%| E|CS|TAMS 0x00000000d3c00000| PB 0x00000000d3c00000| Complete 
| 811|0x00000000d3d00000, 0x00000000d3e00000, 0x00000000d3e00000|100%| E|CS|TAMS 0x00000000d3d00000| PB 0x00000000d3d00000| Complete 
| 812|0x00000000d3e00000, 0x00000000d3f00000, 0x00000000d3f00000|100%| E|CS|TAMS 0x00000000d3e00000| PB 0x00000000d3e00000| Complete 
| 813|0x00000000d3f00000, 0x00000000d4000000, 0x00000000d4000000|100%| E|CS|TAMS 0x00000000d3f00000| PB 0x00000000d3f00000| Complete 
|1472|0x00000000fd200000, 0x00000000fd300000, 0x00000000fd300000|100%| E|CS|TAMS 0x00000000fd200000| PB 0x00000000fd200000| Complete 
|1473|0x00000000fd300000, 0x00000000fd400000, 0x00000000fd400000|100%| E|CS|TAMS 0x00000000fd300000| PB 0x00000000fd300000| Complete 
|1474|0x00000000fd400000, 0x00000000fd500000, 0x00000000fd500000|100%| O|  |TAMS 0x00000000fd400000| PB 0x00000000fd400000| Untracked 
|1475|0x00000000fd500000, 0x00000000fd600000, 0x00000000fd600000|100%| O|  |TAMS 0x00000000fd500000| PB 0x00000000fd500000| Untracked 
|1476|0x00000000fd600000, 0x00000000fd700000, 0x00000000fd700000|100%| O|  |TAMS 0x00000000fd600000| PB 0x00000000fd600000| Untracked 
|1477|0x00000000fd700000, 0x00000000fd800000, 0x00000000fd800000|100%| O|  |TAMS 0x00000000fd700000| PB 0x00000000fd700000| Untracked 
|1478|0x00000000fd800000, 0x00000000fd900000, 0x00000000fd900000|100%| O|  |TAMS 0x00000000fd800000| PB 0x00000000fd800000| Untracked 
|1479|0x00000000fd900000, 0x00000000fda00000, 0x00000000fda00000|100%| O|  |TAMS 0x00000000fd900000| PB 0x00000000fd900000| Untracked 
|1480|0x00000000fda00000, 0x00000000fdb00000, 0x00000000fdb00000|100%| O|  |TAMS 0x00000000fda00000| PB 0x00000000fda00000| Untracked 
|1481|0x00000000fdb00000, 0x00000000fdc00000, 0x00000000fdc00000|100%| O|  |TAMS 0x00000000fdb00000| PB 0x00000000fdb00000| Untracked 
|1482|0x00000000fdc00000, 0x00000000fdd00000, 0x00000000fdd00000|100%| O|  |TAMS 0x00000000fdc00000| PB 0x00000000fdc00000| Untracked 
|1483|0x00000000fdd00000, 0x00000000fde00000, 0x00000000fde00000|100%| O|  |TAMS 0x00000000fdd00000| PB 0x00000000fdd00000| Untracked 
|1484|0x00000000fde00000, 0x00000000fdf00000, 0x00000000fdf00000|100%| O|  |TAMS 0x00000000fde00000| PB 0x00000000fde00000| Untracked 
|1485|0x00000000fdf00000, 0x00000000fe000000, 0x00000000fe000000|100%| E|CS|TAMS 0x00000000fdf00000| PB 0x00000000fdf00000| Complete 
|1486|0x00000000fe000000, 0x00000000fe100000, 0x00000000fe100000|100%| E|CS|TAMS 0x00000000fe000000| PB 0x00000000fe000000| Complete 
|1487|0x00000000fe100000, 0x00000000fe200000, 0x00000000fe200000|100%| E|CS|TAMS 0x00000000fe100000| PB 0x00000000fe100000| Complete 
|1488|0x00000000fe200000, 0x00000000fe300000, 0x00000000fe300000|100%| E|CS|TAMS 0x00000000fe200000| PB 0x00000000fe200000| Complete 
|1489|0x00000000fe300000, 0x00000000fe400000, 0x00000000fe400000|100%| E|CS|TAMS 0x00000000fe300000| PB 0x00000000fe300000| Complete 
|1490|0x00000000fe400000, 0x00000000fe500000, 0x00000000fe500000|100%| E|CS|TAMS 0x00000000fe400000| PB 0x00000000fe400000| Complete 
|1491|0x00000000fe500000, 0x00000000fe600000, 0x00000000fe600000|100%| E|CS|TAMS 0x00000000fe500000| PB 0x00000000fe500000| Complete 
|1492|0x00000000fe600000, 0x00000000fe700000, 0x00000000fe700000|100%| E|CS|TAMS 0x00000000fe600000| PB 0x00000000fe600000| Complete 
|1493|0x00000000fe700000, 0x00000000fe800000, 0x00000000fe800000|100%| E|CS|TAMS 0x00000000fe700000| PB 0x00000000fe700000| Complete 
|1494|0x00000000fe800000, 0x00000000fe900000, 0x00000000fe900000|100%| E|CS|TAMS 0x00000000fe800000| PB 0x00000000fe800000| Complete 
|1495|0x00000000fe900000, 0x00000000fea00000, 0x00000000fea00000|100%| E|CS|TAMS 0x00000000fe900000| PB 0x00000000fe900000| Complete 
|1496|0x00000000fea00000, 0x00000000feb00000, 0x00000000feb00000|100%| E|CS|TAMS 0x00000000fea00000| PB 0x00000000fea00000| Complete 
|1497|0x00000000feb00000, 0x00000000fec00000, 0x00000000fec00000|100%| O|  |TAMS 0x00000000feb00000| PB 0x00000000feb00000| Untracked 
|1498|0x00000000fec00000, 0x00000000fed00000, 0x00000000fed00000|100%| E|CS|TAMS 0x00000000fec00000| PB 0x00000000fec00000| Complete 
|1499|0x00000000fed00000, 0x00000000fee00000, 0x00000000fee00000|100%| E|CS|TAMS 0x00000000fed00000| PB 0x00000000fed00000| Complete 
|1500|0x00000000fee00000, 0x00000000fef00000, 0x00000000fef00000|100%| O|  |TAMS 0x00000000fee00000| PB 0x00000000fee00000| Untracked 
|1501|0x00000000fef00000, 0x00000000ff000000, 0x00000000ff000000|100%| O|  |TAMS 0x00000000fef00000| PB 0x00000000fef00000| Untracked 
|1502|0x00000000ff000000, 0x00000000ff100000, 0x00000000ff100000|100%| O|  |TAMS 0x00000000ff000000| PB 0x00000000ff000000| Untracked 
|1503|0x00000000ff100000, 0x00000000ff200000, 0x00000000ff200000|100%| O|  |TAMS 0x00000000ff100000| PB 0x00000000ff100000| Untracked 
|1504|0x00000000ff200000, 0x00000000ff300000, 0x00000000ff300000|100%| O|  |TAMS 0x00000000ff200000| PB 0x00000000ff200000| Untracked 
|1505|0x00000000ff300000, 0x00000000ff400000, 0x00000000ff400000|100%| O|  |TAMS 0x00000000ff300000| PB 0x00000000ff300000| Untracked 
|1506|0x00000000ff400000, 0x00000000ff500000, 0x00000000ff500000|100%| O|  |TAMS 0x00000000ff400000| PB 0x00000000ff400000| Untracked 
|1507|0x00000000ff500000, 0x00000000ff600000, 0x00000000ff600000|100%| O|  |TAMS 0x00000000ff500000| PB 0x00000000ff500000| Untracked 
|1508|0x00000000ff600000, 0x00000000ff700000, 0x00000000ff700000|100%| O|  |TAMS 0x00000000ff600000| PB 0x00000000ff600000| Untracked 
|1509|0x00000000ff700000, 0x00000000ff800000, 0x00000000ff800000|100%| O|  |TAMS 0x00000000ff700000| PB 0x00000000ff700000| Untracked 
|1510|0x00000000ff800000, 0x00000000ff900000, 0x00000000ff900000|100%| O|  |TAMS 0x00000000ff800000| PB 0x00000000ff800000| Untracked 
|1511|0x00000000ff900000, 0x00000000ffa00000, 0x00000000ffa00000|100%| O|  |TAMS 0x00000000ff900000| PB 0x00000000ff900000| Untracked 
|1512|0x00000000ffa00000, 0x00000000ffb00000, 0x00000000ffb00000|100%| O|  |TAMS 0x00000000ffa00000| PB 0x00000000ffa00000| Untracked 
|1513|0x00000000ffb00000, 0x00000000ffc00000, 0x00000000ffc00000|100%| O|  |TAMS 0x00000000ffb00000| PB 0x00000000ffb00000| Untracked 
|1514|0x00000000ffc00000, 0x00000000ffd00000, 0x00000000ffd00000|100%| E|CS|TAMS 0x00000000ffc00000| PB 0x00000000ffc00000| Complete 
|1515|0x00000000ffd00000, 0x00000000ffe00000, 0x00000000ffe00000|100%| E|CS|TAMS 0x00000000ffd00000| PB 0x00000000ffd00000| Complete 
|1516|0x00000000ffe00000, 0x00000000fff00000, 0x00000000fff00000|100%| E|CS|TAMS 0x00000000ffe00000| PB 0x00000000ffe00000| Complete 
|1517|0x00000000fff00000, 0x0000000100000000, 0x0000000100000000|100%| E|CS|TAMS 0x00000000fff00000| PB 0x00000000fff00000| Complete 

Card table byte_map: [0x00000209fb290000,0x00000209fb590000] _byte_map_base: 0x00000209fad87000

Marking Bits: (CMBitMap*) 0x00000209faf1b2b0
 Bits: [0x00000209fb590000, 0x00000209fcd48000)

Polling page: 0x00000209f8db0000

Metaspace:

Usage:
  Non-class:    120.75 MB used.
      Class:     21.79 MB used.
       Both:    142.54 MB used.

Virtual space:
  Non-class space:      128.00 MB reserved,     121.75 MB ( 95%) committed,  2 nodes.
      Class space:        1.00 GB reserved,      22.50 MB (  2%) committed,  1 nodes.
             Both:        1.13 GB reserved,     144.25 MB ( 13%) committed. 

Chunk freelists:
   Non-Class:  5.78 MB
       Class:  9.72 MB
        Both:  15.50 MB

MaxMetaspaceSize: unlimited
CompressedClassSpaceSize: 1.00 GB
Initial GC threshold: 21.00 MB
Current GC threshold: 240.44 MB
CDS: on
 - commit_granule_bytes: 65536.
 - commit_granule_words: 8192.
 - virtual_space_node_default_size: 8388608.
 - enlarge_chunks_in_place: 1.
 - use_allocation_guard: 0.


Internal statistics:

num_allocs_failed_limit: 38.
num_arena_births: 2282.
num_arena_deaths: 444.
num_vsnodes_births: 3.
num_vsnodes_deaths: 0.
num_space_committed: 2300.
num_space_uncommitted: 0.
num_chunks_returned_to_freelist: 534.
num_chunks_taken_from_freelist: 8115.
num_chunk_merges: 134.
num_chunk_splits: 5415.
num_chunks_enlarged: 4155.
num_inconsistent_stats: 0.

CodeHeap 'non-profiled nmethods': size=120000Kb used=31882Kb max_used=31882Kb free=88117Kb
 bounds [0x0000020990130000, 0x0000020992060000, 0x0000020997660000]
CodeHeap 'profiled nmethods': size=120000Kb used=37626Kb max_used=37626Kb free=82373Kb
 bounds [0x0000020988660000, 0x000002098ab30000, 0x000002098fb90000]
CodeHeap 'non-nmethods': size=5760Kb used=3270Kb max_used=3331Kb free=2489Kb
 bounds [0x000002098fb90000, 0x000002098fee0000, 0x0000020990130000]
CodeCache: size=245760Kb, used=72778Kb, max_used=72839Kb, free=172979Kb
 total_blobs=26178, nmethods=23829, adapters=2251, full_count=0
Compilation: enabled, stopped_count=0, restarted_count=0

Compilation events (20 events):
Event: 1799.658 Thread 0x00000209ff1fa1d0 33215       3       net.minecraft.world.entity.projectile.FishingHook::<init> (57 bytes)
Event: 1799.662 Thread 0x00000209ff1fa1d0 nmethod 33215 0x000002098ab1c810 code [0x000002098ab1ca60, 0x000002098ab1d380]
Event: 1804.241 Thread 0x00000209ff1fa1d0 33216       3       net.minecraft.client.multiplayer.ClientPacketListener::sendCommand (101 bytes)
Event: 1804.245 Thread 0x00000209ff1fa1d0 nmethod 33216 0x000002098ab1d690 code [0x000002098ab1d980, 0x000002098ab1e830]
Event: 1804.245 Thread 0x00000209ff1fa1d0 33217       3       com.mojang.brigadier.CommandDispatcher::parse (14 bytes)
Event: 1804.245 Thread 0x00000209ff1fa1d0 nmethod 33217 0x000002098ab1ee90 code [0x000002098ab1f060, 0x000002098ab1f330]
Event: 1804.245 Thread 0x00000209ff1fa1d0 33218       3       net.minecraft.network.chat.SignableCommand::of (76 bytes)
Event: 1804.247 Thread 0x00000209ff1fa1d0 nmethod 33218 0x000002098ab1f490 code [0x000002098ab1f6a0, 0x000002098ab1fcf0]
Event: 1807.264 Thread 0x00000209ff1fa1d0 33219       3       net.minecraft.world.entity.projectile.FishingHook::onClientRemoval (6 bytes)
Event: 1807.265 Thread 0x00000209ff1fa1d0 nmethod 33219 0x000002098ab20010 code [0x000002098ab20220, 0x000002098ab20a60]
Event: 1814.943 Thread 0x00000209ff1f8600 33220       4       org.lwjgl.system.MultiReleaseTextDecoding::decodeUTF8 (56 bytes)
Event: 1814.968 Thread 0x00000209ff1f8600 nmethod 33220 0x0000020992051710 code [0x0000020992051900, 0x0000020992051e78]
Event: 1821.203 Thread 0x00000209ff1fa1d0 33221       3       net.minecraft.network.protocol.game.ClientboundTabListPacket$$Lambda/0x000002099a50db00::apply (16 bytes)
Event: 1821.204 Thread 0x00000209ff1fa1d0 nmethod 33221 0x000002098ab20c90 code [0x000002098ab20e60, 0x000002098ab213b8]
Event: 1821.204 Thread 0x00000209ff1fa1d0 33222       3       net.minecraft.network.protocol.game.ClientboundTabListPacket::<init> (15 bytes)
Event: 1821.204 Thread 0x00000209ff1fa1d0 nmethod 33222 0x000002098ab21510 code [0x000002098ab216c0, 0x000002098ab21940]
Event: 1821.204 Thread 0x00000209ff1fa1d0 33223       3       net.minecraft.network.protocol.game.ClientboundTabListPacket::type (4 bytes)
Event: 1821.205 Thread 0x00000209ff1fa1d0 nmethod 33223 0x000002098ab21a10 code [0x000002098ab21ba0, 0x000002098ab21cb8]
Event: 1824.609 Thread 0x00000209ff1f8600 33224   !   4       java.lang.invoke.MemberName::getFieldType (176 bytes)
Event: 1824.612 Thread 0x00000209ff1f8600 nmethod 33224 0x0000020992052790 code [0x0000020992052920, 0x0000020992052a20]

GC Heap History (20 events):
Event: 1813.706 GC heap after
{Heap after GC invocations=1138 (full 0):
 garbage-first heap   total 880640K, used 304321K [0x00000000a1200000, 0x0000000100000000)
  region size 1024K, 1 young (1024K), 1 survivors (1024K)
 Metaspace       used 145958K, committed 147712K, reserved 1179648K
  class space    used 22314K, committed 23040K, reserved 1048576K
}
Event: 1814.817 GC heap before
{Heap before GC invocations=1138 (full 0):
 garbage-first heap   total 880640K, used 831681K [0x00000000a1200000, 0x0000000100000000)
  region size 1024K, 516 young (528384K), 1 survivors (1024K)
 Metaspace       used 145958K, committed 147712K, reserved 1179648K
  class space    used 22314K, committed 23040K, reserved 1048576K
}
Event: 1814.821 GC heap after
{Heap after GC invocations=1139 (full 0):
 garbage-first heap   total 880640K, used 304267K [0x00000000a1200000, 0x0000000100000000)
  region size 1024K, 1 young (1024K), 1 survivors (1024K)
 Metaspace       used 145958K, committed 147712K, reserved 1179648K
  class space    used 22314K, committed 23040K, reserved 1048576K
}
Event: 1815.919 GC heap before
{Heap before GC invocations=1139 (full 0):
 garbage-first heap   total 880640K, used 831627K [0x00000000a1200000, 0x0000000100000000)
  region size 1024K, 516 young (528384K), 1 survivors (1024K)
 Metaspace       used 145958K, committed 147712K, reserved 1179648K
  class space    used 22314K, committed 23040K, reserved 1048576K
}
Event: 1815.922 GC heap after
{Heap after GC invocations=1140 (full 0):
 garbage-first heap   total 880640K, used 304256K [0x00000000a1200000, 0x0000000100000000)
  region size 1024K, 1 young (1024K), 1 survivors (1024K)
 Metaspace       used 145958K, committed 147712K, reserved 1179648K
  class space    used 22314K, committed 23040K, reserved 1048576K
}
Event: 1817.005 GC heap before
{Heap before GC invocations=1140 (full 0):
 garbage-first heap   total 880640K, used 831616K [0x00000000a1200000, 0x0000000100000000)
  region size 1024K, 516 young (528384K), 1 survivors (1024K)
 Metaspace       used 145958K, committed 147712K, reserved 1179648K
  class space    used 22314K, committed 23040K, reserved 1048576K
}
Event: 1817.009 GC heap after
{Heap after GC invocations=1141 (full 0):
 garbage-first heap   total 880640K, used 304211K [0x00000000a1200000, 0x0000000100000000)
  region size 1024K, 1 young (1024K), 1 survivors (1024K)
 Metaspace       used 145958K, committed 147712K, reserved 1179648K
  class space    used 22314K, committed 23040K, reserved 1048576K
}
Event: 1818.358 GC heap before
{Heap before GC invocations=1141 (full 0):
 garbage-first heap   total 880640K, used 831571K [0x00000000a1200000, 0x0000000100000000)
  region size 1024K, 516 young (528384K), 1 survivors (1024K)
 Metaspace       used 145958K, committed 147712K, reserved 1179648K
  class space    used 22314K, committed 23040K, reserved 1048576K
}
Event: 1818.361 GC heap after
{Heap after GC invocations=1142 (full 0):
 garbage-first heap   total 880640K, used 304323K [0x00000000a1200000, 0x0000000100000000)
  region size 1024K, 1 young (1024K), 1 survivors (1024K)
 Metaspace       used 145958K, committed 147712K, reserved 1179648K
  class space    used 22314K, committed 23040K, reserved 1048576K
}
Event: 1819.364 GC heap before
{Heap before GC invocations=1142 (full 0):
 garbage-first heap   total 880640K, used 831683K [0x00000000a1200000, 0x0000000100000000)
  region size 1024K, 516 young (528384K), 1 survivors (1024K)
 Metaspace       used 145958K, committed 147712K, reserved 1179648K
  class space    used 22314K, committed 23040K, reserved 1048576K
}
Event: 1819.367 GC heap after
{Heap after GC invocations=1143 (full 0):
 garbage-first heap   total 880640K, used 304300K [0x00000000a1200000, 0x0000000100000000)
  region size 1024K, 1 young (1024K), 1 survivors (1024K)
 Metaspace       used 145958K, committed 147712K, reserved 1179648K
  class space    used 22314K, committed 23040K, reserved 1048576K
}
Event: 1820.383 GC heap before
{Heap before GC invocations=1143 (full 0):
 garbage-first heap   total 880640K, used 831660K [0x00000000a1200000, 0x0000000100000000)
  region size 1024K, 516 young (528384K), 1 survivors (1024K)
 Metaspace       used 145958K, committed 147712K, reserved 1179648K
  class space    used 22314K, committed 23040K, reserved 1048576K
}
Event: 1820.386 GC heap after
{Heap after GC invocations=1144 (full 0):
 garbage-first heap   total 880640K, used 304354K [0x00000000a1200000, 0x0000000100000000)
  region size 1024K, 1 young (1024K), 1 survivors (1024K)
 Metaspace       used 145958K, committed 147712K, reserved 1179648K
  class space    used 22314K, committed 23040K, reserved 1048576K
}
Event: 1821.457 GC heap before
{Heap before GC invocations=1144 (full 0):
 garbage-first heap   total 880640K, used 831714K [0x00000000a1200000, 0x0000000100000000)
  region size 1024K, 516 young (528384K), 1 survivors (1024K)
 Metaspace       used 145959K, committed 147712K, reserved 1179648K
  class space    used 22314K, committed 23040K, reserved 1048576K
}
Event: 1821.461 GC heap after
{Heap after GC invocations=1145 (full 0):
 garbage-first heap   total 880640K, used 304273K [0x00000000a1200000, 0x0000000100000000)
  region size 1024K, 1 young (1024K), 1 survivors (1024K)
 Metaspace       used 145959K, committed 147712K, reserved 1179648K
  class space    used 22314K, committed 23040K, reserved 1048576K
}
Event: 1822.513 GC heap before
{Heap before GC invocations=1145 (full 0):
 garbage-first heap   total 880640K, used 831633K [0x00000000a1200000, 0x0000000100000000)
  region size 1024K, 516 young (528384K), 1 survivors (1024K)
 Metaspace       used 145959K, committed 147712K, reserved 1179648K
  class space    used 22314K, committed 23040K, reserved 1048576K
}
Event: 1822.517 GC heap after
{Heap after GC invocations=1146 (full 0):
 garbage-first heap   total 880640K, used 304315K [0x00000000a1200000, 0x0000000100000000)
  region size 1024K, 1 young (1024K), 1 survivors (1024K)
 Metaspace       used 145959K, committed 147712K, reserved 1179648K
  class space    used 22314K, committed 23040K, reserved 1048576K
}
Event: 1823.532 GC heap before
{Heap before GC invocations=1146 (full 0):
 garbage-first heap   total 880640K, used 831675K [0x00000000a1200000, 0x0000000100000000)
  region size 1024K, 516 young (528384K), 1 survivors (1024K)
 Metaspace       used 145959K, committed 147712K, reserved 1179648K
  class space    used 22314K, committed 23040K, reserved 1048576K
}
Event: 1823.535 GC heap after
{Heap after GC invocations=1147 (full 0):
 garbage-first heap   total 880640K, used 304351K [0x00000000a1200000, 0x0000000100000000)
  region size 1024K, 1 young (1024K), 1 survivors (1024K)
 Metaspace       used 145959K, committed 147712K, reserved 1179648K
  class space    used 22314K, committed 23040K, reserved 1048576K
}
Event: 1824.616 GC heap before
{Heap before GC invocations=1147 (full 0):
 garbage-first heap   total 880640K, used 703711K [0x00000000a1200000, 0x0000000100000000)
  region size 1024K, 392 young (401408K), 1 survivors (1024K)
 Metaspace       used 145965K, committed 147712K, reserved 1179648K
  class space    used 22316K, committed 23040K, reserved 1048576K
}

Dll operation events (19 events):
Event: 0.012 Loaded shared library C:\Users\User\.jdks\ms-21.0.10\bin\java.dll
Event: 0.057 Loaded shared library C:\Users\User\.jdks\ms-21.0.10\bin\jsvml.dll
Event: 0.260 Loaded shared library C:\Users\User\.jdks\ms-21.0.10\bin\zip.dll
Event: 0.267 Loaded shared library C:\Users\User\.jdks\ms-21.0.10\bin\instrument.dll
Event: 0.286 Loaded shared library C:\Users\User\.jdks\ms-21.0.10\bin\net.dll
Event: 0.315 Loaded shared library C:\Users\User\.jdks\ms-21.0.10\bin\nio.dll
Event: 0.321 Loaded shared library C:\Users\User\.jdks\ms-21.0.10\bin\zip.dll
Event: 0.648 Loaded shared library C:\Users\User\.jdks\ms-21.0.10\bin\extnet.dll
Event: 0.748 Loaded shared library C:\Users\User\.jdks\ms-21.0.10\bin\jimage.dll
Event: 1.246 Loaded shared library C:\Users\User\.jdks\ms-21.0.10\bin\management.dll
Event: 1.253 Loaded shared library C:\Users\User\.jdks\ms-21.0.10\bin\management_ext.dll
Event: 1.773 Loaded shared library C:\Users\User\.jdks\ms-21.0.10\bin\verify.dll
Event: 3.892 Loaded shared library C:\Users\User\AppData\Local\Temp\jna-2645995\jna11813195859097952148.dll
Event: 16.244 Loaded shared library C:\Users\User\AppData\Local\Temp\lwjgl_User\3.3.3+5\x64\lwjgl.dll
Event: 17.477 Loaded shared library C:\Users\User\.jdks\ms-21.0.10\bin\sunmscapi.dll
Event: 18.225 Loaded shared library C:\Users\User\AppData\Local\Temp\lwjgl_User\3.3.3+5\x64\lwjgl_stb.dll
Event: 18.438 Loaded shared library C:\Users\User\AppData\Local\Temp\lwjgl_User\3.3.3+5\x64\lwjgl_opengl.dll
Event: 20.524 Loaded shared library C:\Users\User\.jdks\ms-21.0.10\bin\awt.dll
Event: 35.468 Loaded shared library C:\Users\User\.jdks\ms-21.0.10\bin\jsound.dll

Deoptimization events (20 events):
Event: 1706.695 Thread 0x00000209faed2520 DEOPT PACKING pc=0x0000020990e31648 sp=0x000000ef42ffd150
Event: 1706.695 Thread 0x00000209faed2520 DEOPT UNPACKING pc=0x000002098fbe4422 sp=0x000000ef42ffd140 mode 2
Event: 1748.341 Thread 0x00000209faed2520 DEOPT PACKING pc=0x000002098aa4d65e sp=0x000000ef42ffeb30
Event: 1748.342 Thread 0x00000209faed2520 DEOPT UNPACKING pc=0x000002098fbe4bc2 sp=0x000000ef42ffe070 mode 0
Event: 1752.887 Thread 0x00000209faed2520 DEOPT PACKING pc=0x000002098aa4d63d sp=0x000000ef42ffeb30
Event: 1752.888 Thread 0x00000209faed2520 DEOPT UNPACKING pc=0x000002098fbe4bc2 sp=0x000000ef42ffe070 mode 0
Event: 1758.389 Thread 0x00000209faed2520 DEOPT PACKING pc=0x000002098aa4d63d sp=0x000000ef42ffeb30
Event: 1758.390 Thread 0x00000209faed2520 DEOPT UNPACKING pc=0x000002098fbe4bc2 sp=0x000000ef42ffe070 mode 0
Event: 1761.554 Thread 0x00000209faed2520 Uncommon trap: trap_request=0xffffff45 fr.pc=0x000002099130dae4 relative=0x0000000000000d64
Event: 1761.554 Thread 0x00000209faed2520 Uncommon trap: reason=unstable_if action=reinterpret pc=0x000002099130dae4 method=net.minecraft.world.item.ItemStack.nextDamageWillBreak()Z @ 17 c2
Event: 1761.555 Thread 0x00000209faed2520 DEOPT PACKING pc=0x000002099130dae4 sp=0x000000ef42ffe970
Event: 1761.555 Thread 0x00000209faed2520 DEOPT UNPACKING pc=0x000002098fbe4422 sp=0x000000ef42ffe898 mode 2
Event: 1824.592 Thread 0x00000209faed2520 Uncommon trap: trap_request=0xffffff45 fr.pc=0x0000020990c080e0 relative=0x0000000000000aa0
Event: 1824.592 Thread 0x00000209faed2520 Uncommon trap: reason=unstable_if action=reinterpret pc=0x0000020990c080e0 method=com.mojang.blaze3d.vertex.ByteBufferBuilder.<init>(IJ)V @ 46 c2
Event: 1824.593 Thread 0x00000209faed2520 DEOPT PACKING pc=0x0000020990c080e0 sp=0x000000ef42ffeab0
Event: 1824.593 Thread 0x00000209faed2520 DEOPT UNPACKING pc=0x000002098fbe4422 sp=0x000000ef42ffeaa0 mode 2
Event: 1824.612 Thread 0x00000209faed2520 Uncommon trap: trap_request=0xffffff45 fr.pc=0x00000209904a2d50 relative=0x0000000000001e90
Event: 1824.612 Thread 0x00000209faed2520 Uncommon trap: reason=unstable_if action=reinterpret pc=0x00000209904a2d50 method=java.lang.ref.SoftReference.get()Ljava/lang/Object; @ 6 c2
Event: 1824.612 Thread 0x00000209faed2520 DEOPT PACKING pc=0x00000209904a2d50 sp=0x000000ef42ffe150
Event: 1824.612 Thread 0x00000209faed2520 DEOPT UNPACKING pc=0x000002098fbe4422 sp=0x000000ef42ffde68 mode 2

Classes loaded (20 events):
Event: 109.097 Loading class java/util/stream/StreamSpliterators$InfiniteSupplyingSpliterator$OfRef
Event: 109.098 Loading class java/util/stream/StreamSpliterators$InfiniteSupplyingSpliterator
Event: 109.098 Loading class java/util/stream/StreamSpliterators$InfiniteSupplyingSpliterator done
Event: 109.098 Loading class java/util/stream/StreamSpliterators$InfiniteSupplyingSpliterator$OfRef done
Event: 109.287 Loading class java/text/DigitList$1
Event: 109.288 Loading class java/text/DigitList$1 done
Event: 127.443 Loading class java/lang/FdLibm$Log
Event: 127.443 Loading class java/lang/FdLibm$Log done
Event: 130.087 Loading class java/lang/CharacterDataUndefined
Event: 130.087 Loading class java/lang/CharacterDataUndefined done
Event: 495.133 Loading class java/util/AbstractList$SubList
Event: 495.134 Loading class java/util/AbstractList$SubList done
Event: 495.134 Loading class java/util/AbstractList$SubList$1
Event: 495.135 Loading class java/util/AbstractList$SubList$1 done
Event: 591.675 Loading class java/util/concurrent/locks/ReentrantReadWriteLock$Sync$HoldCounter
Event: 591.676 Loading class java/util/concurrent/locks/ReentrantReadWriteLock$Sync$HoldCounter done
Event: 935.571 Loading class java/util/Spliterators$IntArraySpliterator
Event: 935.579 Loading class java/util/Spliterators$IntArraySpliterator done
Event: 935.596 Loading class java/util/stream/FindOps$FindSink$OfInt
Event: 935.603 Loading class java/util/stream/FindOps$FindSink$OfInt done

Classes unloaded (20 events):
Event: 1677.749 Thread 0x00000209ff1cf430 Unloading class 0x0000020999104000 'java/lang/invoke/LambdaForm$MH+0x0000020999104000'
Event: 1677.751 Thread 0x00000209ff1cf430 Unloading class 0x00000209990bec00 'java/lang/invoke/LambdaForm$BMH+0x00000209990bec00'
Event: 1677.751 Thread 0x00000209ff1cf430 Unloading class 0x00000209990bdc00 'java/lang/invoke/LambdaForm$MH+0x00000209990bdc00'
Event: 1677.751 Thread 0x00000209ff1cf430 Unloading class 0x00000209990bd000 'java/lang/invoke/LambdaForm$MH+0x00000209990bd000'
Event: 1677.752 Thread 0x00000209ff1cf430 Unloading class 0x00000209990b3000 'java/lang/invoke/LambdaForm$MH+0x00000209990b3000'
Event: 1677.753 Thread 0x00000209ff1cf430 Unloading class 0x00000209990b2400 'java/lang/invoke/LambdaForm$MH+0x00000209990b2400'
Event: 1677.753 Thread 0x00000209ff1cf430 Unloading class 0x00000209990b2000 'java/lang/invoke/LambdaForm$MH+0x00000209990b2000'
Event: 1677.754 Thread 0x00000209ff1cf430 Unloading class 0x00000209990b1c00 'java/lang/invoke/LambdaForm$MH+0x00000209990b1c00'
Event: 1677.754 Thread 0x00000209ff1cf430 Unloading class 0x00000209990b1400 'java/lang/invoke/LambdaForm$MH+0x00000209990b1400'
Event: 1677.755 Thread 0x00000209ff1cf430 Unloading class 0x00000209990b0400 'java/lang/invoke/LambdaForm$MH+0x00000209990b0400'
Event: 1677.756 Thread 0x00000209ff1cf430 Unloading class 0x000002099900cc00 'java/lang/invoke/LambdaForm$MH+0x000002099900cc00'
Event: 1677.757 Thread 0x00000209ff1cf430 Unloading class 0x000002099900c800 'java/lang/invoke/LambdaForm$MH+0x000002099900c800'
Event: 1677.758 Thread 0x00000209ff1cf430 Unloading class 0x000002099900c000 'java/lang/invoke/LambdaForm$MH+0x000002099900c000'
Event: 1677.759 Thread 0x00000209ff1cf430 Unloading class 0x0000020999005000 'java/lang/invoke/LambdaForm$MH+0x0000020999005000'
Event: 1677.759 Thread 0x00000209ff1cf430 Unloading class 0x0000020999004800 'java/lang/invoke/LambdaForm$MH+0x0000020999004800'
Event: 1677.760 Thread 0x00000209ff1cf430 Unloading class 0x0000020999002400 'java/lang/invoke/LambdaForm$MH+0x0000020999002400'
Event: 1677.760 Thread 0x00000209ff1cf430 Unloading class 0x0000020999002000 'java/lang/invoke/LambdaForm$MH+0x0000020999002000'
Event: 1677.762 Thread 0x00000209ff1cf430 Unloading class 0x0000020999001c00 'java/lang/invoke/LambdaForm$MH+0x0000020999001c00'
Event: 1677.762 Thread 0x00000209ff1cf430 Unloading class 0x0000020999001400 'java/lang/invoke/LambdaForm$MH+0x0000020999001400'
Event: 1677.762 Thread 0x00000209ff1cf430 Unloading class 0x0000020999000400 'java/lang/invoke/LambdaForm$MH+0x0000020999000400'

Classes redefined (0 events):
No events

Internal exceptions (20 events):
Event: 657.343 Thread 0x0000020a99fc8fd0 Exception <a 'java/lang/InterruptedException'{0x00000000ce43fe28}> (0x00000000ce43fe28) 
thrown [s\src\hotspot\share\runtime\objectMonitor.cpp, line 1625]
Event: 664.048 Thread 0x0000020a99fcbdc0 Exception <a 'sun/nio/fs/WindowsException'{0x00000000c7b000f0}> (0x00000000c7b000f0) 
thrown [s\src\hotspot\share\prims\jni.cpp, line 520]
Event: 664.154 Thread 0x0000020a99fcbdc0 Exception <a 'sun/nio/fs/WindowsException'{0x00000000c5f86ac8}> (0x00000000c5f86ac8) 
thrown [s\src\hotspot\share\prims\jni.cpp, line 520]
Event: 664.159 Thread 0x00000209faed2520 Implicit null exception at 0x0000020991876809 to 0x000002099187b870
Event: 695.465 Thread 0x00000209faed2520 Exception <a 'java/lang/NoSuchMethodError'{0x00000000fdf0d7c0}: 'float java.lang.invoke.DirectMethodHandle$Holder.invokeVirtual(java.lang.Object, java.lang.Object, float)'> (0x00000000fdf0d7c0) 
thrown [s\src\hotspot\share\interpreter\linkResolver.cpp, line 773]
Event: 750.277 Thread 0x00000209e22a9960 Implicit null exception at 0x0000020991d21ddf to 0x0000020991d21e38
Event: 887.355 Thread 0x00000209faed2520 Exception <a 'java/lang/NoSuchMethodError'{0x00000000cb37b828}: 'java.lang.Object java.lang.invoke.DirectMethodHandle$Holder.invokeSpecial(java.lang.Object, java.lang.Object, java.lang.Object, java.lang.Object, java.lang.Object, java.lang.Object, int)'> (0x00000000cb37b828) 
thrown [s\src\hotspot\share\interpreter\linkResolver.cpp, line 773]
Event: 935.955 Thread 0x00000209faed2520 Implicit null exception at 0x00000209917cec44 to 0x00000209917cef70
Event: 939.620 Thread 0x00000209faed2520 Exception <a 'java/lang/NoSuchMethodError'{0x00000000d1157520}: 'int java.lang.invoke.DelegatingMethodHandle$Holder.reinvoke_L(java.lang.Object, double, double)'> (0x00000000d1157520) 
thrown [s\src\hotspot\share\interpreter\linkResolver.cpp, line 773]
Event: 1561.588 Thread 0x00000209faed2520 Implicit null exception at 0x000002099091aa91 to 0x000002099091b5f4
Event: 1622.220 Thread 0x00000209faed2520 Exception <a 'java/lang/IncompatibleClassChangeError'{0x00000000d30b8450}: Found class java.lang.Object, but interface was expected> (0x00000000d30b8450) 
thrown [s\src\hotspot\share\interpreter\linkResolver.cpp, line 840]
Event: 1623.116 Thread 0x00000209faed2520 Implicit null exception at 0x0000020991fc0980 to 0x0000020991fc0d00
Event: 1623.117 Thread 0x00000209faed2520 Implicit null exception at 0x0000020991c1eea7 to 0x0000020991c1eef4
Event: 1623.204 Thread 0x00000209faed2520 Exception <a 'java/lang/NoSuchMethodError'{0x00000000c79824f8}: 'java.lang.Object java.lang.invoke.Invokers$Holder.invoker(java.lang.Object, java.lang.Object, java.lang.Object, java.lang.Object, java.lang.Object, java.lang.Object, java.lang.Object, java.lang.Object, java.lang.Object, java.lang.Object, java.lang.Object, java.lang.Object, java.lang.Object, java.lang.Object, java.lang.Object, java.lang.Object)'> (0x00000000c79824f8) 
thrown [s\src\hotspot\share\interpreter\linkResolver.cpp, line 773]
Event: 1623.208 Thread 0x00000209faed2520 Exception <a 'java/lang/NoSuchMethodError'{0x00000000c7987ae0}: 'java.lang.Object java.lang.invoke.DirectMethodHandle$Holder.invokeSpecial(java.lang.Object, java.lang.Object, java.lang.Object, java.lang.Object, java.lang.Object, java.lang.Object, java.lang.Object, java.lang.Object, java.lang.Object, java.lang.Object, java.lang.Object, java.lang.Object, java.lang.Object, java.lang.Object, java.lang.Object, java.lang.Object, java.lang.Object)'> (0x00000000c7987ae0) 
thrown [s\src\hotspot\share\interpreter\li
Event: 1623.209 Thread 0x00000209faed2520 Exception <a 'java/lang/NoSuchMethodError'{0x00000000c798c7f8}: 'java.lang.Object java.lang.invoke.DelegatingMethodHandle$Holder.delegate(java.lang.Object, java.lang.Object, java.lang.Object, java.lang.Object, java.lang.Object, java.lang.Object, java.lang.Object, java.lang.Object, java.lang.Object, java.lang.Object, java.lang.Object, java.lang.Object, java.lang.Object, java.lang.Object, java.lang.Object, java.lang.Object)'> (0x00000000c798c7f8) 
thrown [s\src\hotspot\share\interpreter\linkResolver.cpp, lin
Event: 1626.224 Thread 0x00000209faed2520 Exception <a 'java/lang/NoSuchMethodError'{0x00000000c4be25b0}: 'void java.lang.invoke.DirectMethodHandle$Holder.invokeSpecialIFC(java.lang.Object, java.lang.Object, java.lang.Object, java.lang.Object, java.lang.Object, java.lang.Object, java.lang.Object)'> (0x00000000c4be25b0) 
thrown [s\src\hotspot\share\interpreter\linkResolver.cpp, line 773]
Event: 1702.372 Thread 0x00000209faed2520 Implicit null exception at 0x000002099186929d to 0x0000020991869634
Event: 1702.373 Thread 0x00000209faed2520 Implicit null exception at 0x000002099186929d to 0x0000020991869634
Event: 1824.612 Thread 0x00000209faed2520 Implicit null exception at 0x00000209904a1149 to 0x00000209904a2d38

ZGC Phase Switch (0 events):
No events

VM Operations (20 events):
Event: 1813.706 Executing safepoint VM operation: G1CollectForAllocation (G1 Evacuation Pause) done
Event: 1814.817 Executing safepoint VM operation: G1CollectForAllocation (G1 Evacuation Pause)
Event: 1814.821 Executing safepoint VM operation: G1CollectForAllocation (G1 Evacuation Pause) done
Event: 1815.919 Executing safepoint VM operation: G1CollectForAllocation (G1 Evacuation Pause)
Event: 1815.922 Executing safepoint VM operation: G1CollectForAllocation (G1 Evacuation Pause) done
Event: 1817.005 Executing safepoint VM operation: G1CollectForAllocation (G1 Evacuation Pause)
Event: 1817.009 Executing safepoint VM operation: G1CollectForAllocation (G1 Evacuation Pause) done
Event: 1818.358 Executing safepoint VM operation: G1CollectForAllocation (G1 Evacuation Pause)
Event: 1818.361 Executing safepoint VM operation: G1CollectForAllocation (G1 Evacuation Pause) done
Event: 1819.364 Executing safepoint VM operation: G1CollectForAllocation (G1 Evacuation Pause)
Event: 1819.367 Executing safepoint VM operation: G1CollectForAllocation (G1 Evacuation Pause) done
Event: 1820.383 Executing safepoint VM operation: G1CollectForAllocation (G1 Evacuation Pause)
Event: 1820.386 Executing safepoint VM operation: G1CollectForAllocation (G1 Evacuation Pause) done
Event: 1821.457 Executing safepoint VM operation: G1CollectForAllocation (G1 Evacuation Pause)
Event: 1821.461 Executing safepoint VM operation: G1CollectForAllocation (G1 Evacuation Pause) done
Event: 1822.513 Executing safepoint VM operation: G1CollectForAllocation (G1 Evacuation Pause)
Event: 1822.517 Executing safepoint VM operation: G1CollectForAllocation (G1 Evacuation Pause) done
Event: 1823.532 Executing safepoint VM operation: G1CollectForAllocation (G1 Evacuation Pause)
Event: 1823.535 Executing safepoint VM operation: G1CollectForAllocation (G1 Evacuation Pause) done
Event: 1824.616 Executing safepoint VM operation: G1CollectFull (System.gc())

Memory protections (0 events):
No events

Nmethod flushes (20 events):
Event: 1678.845 Thread 0x00000209ff1cf430 flushing  nmethod 0x000002098a068b90
Event: 1678.845 Thread 0x00000209ff1cf430 flushing  nmethod 0x0000020989132d10
Event: 1678.845 Thread 0x00000209ff1cf430 flushing  nmethod 0x0000020989949490
Event: 1678.845 Thread 0x00000209ff1cf430 flushing  nmethod 0x0000020989abb890
Event: 1678.845 Thread 0x00000209ff1cf430 flushing  nmethod 0x0000020989ce1b90
Event: 1678.845 Thread 0x00000209ff1cf430 flushing  nmethod 0x0000020989f9f410
Event: 1678.845 Thread 0x00000209ff1cf430 flushing  nmethod 0x000002098a30d210
Event: 1678.846 Thread 0x00000209ff1cf430 flushing  nmethod 0x000002098a468f90
Event: 1678.846 Thread 0x00000209ff1cf430 flushing  nmethod 0x0000020991170990
Event: 1678.846 Thread 0x00000209ff1cf430 flushing  nmethod 0x00000209892ca910
Event: 1678.846 Thread 0x00000209ff1cf430 flushing  nmethod 0x00000209893f3b10
Event: 1678.846 Thread 0x00000209ff1cf430 flushing  nmethod 0x000002098954a510
Event: 1678.846 Thread 0x00000209ff1cf430 flushing  nmethod 0x0000020989657190
Event: 1678.847 Thread 0x00000209ff1cf430 flushing osr nmethod 0x0000020989666710
Event: 1678.847 Thread 0x00000209ff1cf430 flushing  nmethod 0x00000209899d8090
Event: 1678.847 Thread 0x00000209ff1cf430 flushing osr nmethod 0x0000020989b78790
Event: 1678.847 Thread 0x00000209ff1cf430 flushing  nmethod 0x0000020989c2a610
Event: 1678.847 Thread 0x00000209ff1cf430 flushing osr nmethod 0x0000020989c6d410
Event: 1678.847 Thread 0x00000209ff1cf430 flushing  nmethod 0x000002098a0dc510
Event: 1678.847 Thread 0x00000209ff1cf430 flushing osr nmethod 0x000002098a1bc910

Events (20 events):
Event: 763.198 Thread 0x0000020a99fcbdc0 Thread exited: 0x0000020a99fcbdc0
Event: 841.728 Thread 0x0000020a95665e70 Thread exited: 0x0000020a95665e70
Event: 867.002 Thread 0x0000020a95663da0 Thread added: 0x0000020a9cb917a0
Event: 872.794 Thread 0x00000209faed2520 Thread added: 0x0000020a9cb8fd60
Event: 978.769 Thread 0x0000020a9cb8fd60 Thread exited: 0x0000020a9cb8fd60
Event: 1063.614 Thread 0x00000209faed2520 Thread added: 0x0000020a99fcbdc0
Event: 1130.359 Thread 0x0000020a99fcbdc0 Thread exited: 0x0000020a99fcbdc0
Event: 1140.246 Thread 0x00000209faed2520 Thread added: 0x00000209dffd6000
Event: 1200.269 Thread 0x00000209dffd6000 Thread exited: 0x00000209dffd6000
Event: 1219.842 Thread 0x0000020a9cb917a0 Thread exited: 0x0000020a9cb917a0
Event: 1279.845 Thread 0x0000020a99fcb730 Thread exited: 0x0000020a99fcb730
Event: 1389.772 Thread 0x0000020a95663da0 Thread exited: 0x0000020a95663da0
Event: 1458.204 Thread 0x00000209faed2520 Thread added: 0x0000020a99fc8940
Event: 1458.537 Thread 0x0000020a99fc8940 Thread exited: 0x0000020a99fc8940
Event: 1469.927 Thread 0x00000209faed2520 Thread added: 0x0000020a9cb924c0
Event: 1507.635 Thread 0x0000020a9cb924c0 Thread added: 0x0000020a99fc9cf0
Event: 1507.636 Thread 0x0000020a9cb924c0 Thread added: 0x0000020a99fc8940
Event: 1734.899 Thread 0x00000209faed2520 Thread added: 0x0000020a9a507130
Event: 1795.082 Thread 0x0000020a9a507130 Thread exited: 0x0000020a9a507130
Event: 1799.322 Thread 0x0000020a9cb924c0 Thread exited: 0x0000020a9cb924c0


Dynamic libraries:
0x00007ff6586b0000 - 0x00007ff6586be000 	C:\Users\User\.jdks\ms-21.0.10\bin\java.exe
0x00007ffd2fc50000 - 0x00007ffd2fe3e000 	C:\Windows\SYSTEM32\ntdll.dll
0x00007ffd2fb60000 - 0x00007ffd2fc13000 	C:\Windows\System32\KERNEL32.DLL
0x00007ffd2c8b0000 - 0x00007ffd2cb4e000 	C:\Windows\System32\KERNELBASE.dll
0x00007ffd2bca0000 - 0x00007ffd2bd9a000 	C:\Windows\System32\ucrtbase.dll
0x00007ffd27fe0000 - 0x00007ffd27ffe000 	C:\Users\User\.jdks\ms-21.0.10\bin\VCRUNTIME140.dll
0x00007ffd28f60000 - 0x00007ffd28f78000 	C:\Users\User\.jdks\ms-21.0.10\bin\jli.dll
0x00007ffd2d8e0000 - 0x00007ffd2da77000 	C:\Windows\System32\USER32.dll
0x00007ffd2ce50000 - 0x00007ffd2ce70000 	C:\Windows\System32\win32u.dll
0x00007ffd1a050000 - 0x00007ffd1a2c9000 	C:\Windows\WinSxS\amd64_microsoft.windows.common-controls_6595b64144ccf1df_6.0.17763.8281_none_de75db0453470e7f\COMCTL32.dll
0x00007ffd2f320000 - 0x00007ffd2f349000 	C:\Windows\System32\GDI32.dll
0x00007ffd2ef80000 - 0x00007ffd2f01e000 	C:\Windows\System32\msvcrt.dll
0x00007ffd2be40000 - 0x00007ffd2bfec000 	C:\Windows\System32\gdi32full.dll
0x00007ffd2bda0000 - 0x00007ffd2be40000 	C:\Windows\System32\msvcp_win.dll
0x00007ffd2f810000 - 0x00007ffd2fb3b000 	C:\Windows\System32\combase.dll
0x00007ffd2d180000 - 0x00007ffd2d29b000 	C:\Windows\System32\RPCRT4.dll
0x00007ffd2bff0000 - 0x00007ffd2c072000 	C:\Windows\System32\bcryptPrimitives.dll
0x00007ffd2d150000 - 0x00007ffd2d17e000 	C:\Windows\System32\IMM32.DLL
0x00007ffd28f50000 - 0x00007ffd28f5c000 	C:\Users\User\.jdks\ms-21.0.10\bin\vcruntime140_1.dll
0x00007ffd273a0000 - 0x00007ffd27429000 	C:\Users\User\.jdks\ms-21.0.10\bin\msvcp140.dll
0x00007ffcfd530000 - 0x00007ffcfe2dd000 	C:\Users\User\.jdks\ms-21.0.10\bin\server\jvm.dll
0x00007ffd2f6e0000 - 0x00007ffd2f789000 	C:\Windows\System32\ADVAPI32.dll
0x00007ffd2f190000 - 0x00007ffd2f232000 	C:\Windows\System32\sechost.dll
0x00007ffd2cb50000 - 0x00007ffd2cb76000 	C:\Windows\System32\bcrypt.dll
0x00007ffd2bbf0000 - 0x00007ffd2bc4d000 	C:\Windows\System32\POWRPROF.dll
0x00007ffd2f790000 - 0x00007ffd2f7fd000 	C:\Windows\System32\WS2_32.dll
0x00007ffd27a80000 - 0x00007ffd27aa4000 	C:\Windows\SYSTEM32\WINMM.dll
0x00007ffd23cf0000 - 0x00007ffd23cfa000 	C:\Windows\SYSTEM32\VERSION.dll
0x00007ffd279c0000 - 0x00007ffd279ed000 	C:\Windows\SYSTEM32\WINMMBASE.dll
0x00007ffd2c0f0000 - 0x00007ffd2c13a000 	C:\Windows\System32\cfgmgr32.dll
0x00007ffd2bbd0000 - 0x00007ffd2bbe1000 	C:\Windows\System32\kernel.appcore.dll
0x00007ffd27fa0000 - 0x00007ffd27faa000 	C:\Users\User\.jdks\ms-21.0.10\bin\jimage.dll
0x00007ffd25060000 - 0x00007ffd2524d000 	C:\Windows\SYSTEM32\DBGHELP.DLL
0x00007ffd16da0000 - 0x00007ffd16dca000 	C:\Windows\SYSTEM32\dbgcore.DLL
0x00007ffd27f90000 - 0x00007ffd27fa0000 	C:\Users\User\.jdks\ms-21.0.10\bin\instrument.dll
0x00007ffd27370000 - 0x00007ffd27391000 	C:\Users\User\.jdks\ms-21.0.10\bin\java.dll
0x00007ffd2da80000 - 0x00007ffd2ef79000 	C:\Windows\System32\SHELL32.dll
0x00007ffd2f020000 - 0x00007ffd2f0c7000 	C:\Windows\System32\shcore.dll
0x00007ffd2c140000 - 0x00007ffd2c888000 	C:\Windows\System32\windows.storage.dll
0x00007ffd2bc50000 - 0x00007ffd2bc73000 	C:\Windows\System32\profapi.dll
0x00007ffd2f4d0000 - 0x00007ffd2f527000 	C:\Windows\System32\shlwapi.dll
0x00007ffd2c890000 - 0x00007ffd2c8ab000 	C:\Windows\System32\cryptsp.dll
0x00007ffd20430000 - 0x00007ffd20506000 	C:\Users\User\.jdks\ms-21.0.10\bin\jsvml.dll
0x00007ffd27350000 - 0x00007ffd27368000 	C:\Users\User\.jdks\ms-21.0.10\bin\zip.dll
0x00007ffd27d80000 - 0x00007ffd27d91000 	C:\Users\User\.jdks\ms-21.0.10\bin\net.dll
0x00007ffd20a10000 - 0x00007ffd20b0d000 	C:\Windows\SYSTEM32\WINHTTP.dll
0x00007ffd2b410000 - 0x00007ffd2b477000 	C:\Windows\system32\mswsock.dll
0x00007ffd27ca0000 - 0x00007ffd27cb6000 	C:\Users\User\.jdks\ms-21.0.10\bin\nio.dll
0x00007ffd27d60000 - 0x00007ffd27d69000 	C:\Users\User\.jdks\ms-21.0.10\bin\extnet.dll
0x00007ffd27ce0000 - 0x00007ffd27cea000 	C:\Users\User\.jdks\ms-21.0.10\bin\management.dll
0x00007ffd27520000 - 0x00007ffd2752c000 	C:\Users\User\.jdks\ms-21.0.10\bin\management_ext.dll
0x00007ffd2f800000 - 0x00007ffd2f808000 	C:\Windows\System32\PSAPI.DLL
0x00007ffd274f0000 - 0x00007ffd27506000 	C:\Windows\system32\napinsp.dll
0x00007ffd27280000 - 0x00007ffd2729a000 	C:\Windows\system32\pnrpnsp.dll
0x00007ffd2b140000 - 0x00007ffd2b206000 	C:\Windows\SYSTEM32\DNSAPI.dll
0x00007ffd2cfe0000 - 0x00007ffd2cfe8000 	C:\Windows\System32\NSI.dll
0x00007ffd2b100000 - 0x00007ffd2b13d000 	C:\Windows\SYSTEM32\IPHLPAPI.DLL
0x00007ffd274e0000 - 0x00007ffd274ee000 	C:\Windows\System32\winrnr.dll
0x00007ffd25fd0000 - 0x00007ffd25feb000 	C:\Windows\system32\NLAapi.dll
0x00007ffd281d0000 - 0x00007ffd281e5000 	C:\Windows\system32\wshbth.dll
0x00007ffd209c0000 - 0x00007ffd209ca000 	C:\Windows\System32\rasadhlp.dll
0x00007ffd23fb0000 - 0x00007ffd24029000 	C:\Windows\System32\fwpuclnt.dll
0x00007ffd27340000 - 0x00007ffd27350000 	C:\Users\User\.jdks\ms-21.0.10\bin\verify.dll
0x00007ffd2af30000 - 0x00007ffd2af63000 	C:\Windows\system32\rsaenh.dll
0x00007ffd2bb00000 - 0x00007ffd2bb29000 	C:\Windows\SYSTEM32\USERENV.dll
0x00007ffd2b5e0000 - 0x00007ffd2b5ec000 	C:\Windows\SYSTEM32\CRYPTBASE.dll
0x00007ffd272f0000 - 0x00007ffd27339000 	C:\Users\User\AppData\Local\Temp\jna-2645995\jna11813195859097952148.dll
0x00007ffd2cff0000 - 0x00007ffd2d148000 	C:\Windows\System32\Ole32.dll
0x00007ffd2f420000 - 0x00007ffd2f4c8000 	C:\Windows\System32\clbcatq.dll
0x00007ffd2f350000 - 0x00007ffd2f414000 	C:\Windows\System32\OleAut32.dll
0x00007ffd16fc0000 - 0x00007ffd1700e000 	C:\Windows\SYSTEM32\Pdh.dll
0x00007ffceff30000 - 0x00007ffceff3e000 	C:\Windows\System32\perfos.dll
0x00007ffd20650000 - 0x00007ffd206cb000 	C:\Users\User\AppData\Local\Temp\lwjgl_User\3.3.3+5\x64\lwjgl.dll
0x00007ffd0e0d0000 - 0x00007ffd0e340000 	C:\Users\User\AppData\Local\Temp\lwjgl_User\3.3.3+5\x64\jemalloc.dll
0x00007ffd1e490000 - 0x00007ffd1e512000 	C:\Users\User\AppData\Local\Temp\lwjgl_User\3.3.3+5\x64\glfw.dll
0x00007ffd274b0000 - 0x00007ffd274be000 	C:\Users\User\.jdks\ms-21.0.10\bin\sunmscapi.dll
0x00007ffd2cc30000 - 0x00007ffd2ce46000 	C:\Windows\System32\CRYPT32.dll
0x00007ffd2bc80000 - 0x00007ffd2bc92000 	C:\Windows\System32\MSASN1.dll
0x00007ffd2b6e0000 - 0x00007ffd2b70c000 	C:\Windows\SYSTEM32\ncrypt.dll
0x00007ffd2b6a0000 - 0x00007ffd2b6dc000 	C:\Windows\SYSTEM32\NTASN1.dll
0x00007ffd24850000 - 0x00007ffd24894000 	C:\Windows\SYSTEM32\dinput8.dll
0x00007ffd272d0000 - 0x00007ffd272e1000 	C:\Windows\SYSTEM32\xinput1_4.dll
0x00007ffd2b9d0000 - 0x00007ffd2b9f9000 	C:\Windows\SYSTEM32\DEVOBJ.dll
0x00007ffd2a540000 - 0x00007ffd2a56e000 	C:\Windows\SYSTEM32\dwmapi.dll
0x00007ffd29f00000 - 0x00007ffd29f9c000 	C:\Windows\system32\uxtheme.dll
0x00007ffd1e120000 - 0x00007ffd1e1ed000 	C:\Windows\SYSTEM32\inputhost.dll
0x00007ffd2a200000 - 0x00007ffd2a40c000 	C:\Windows\SYSTEM32\twinapi.appcore.dll
0x00007ffd24030000 - 0x00007ffd24350000 	C:\Windows\SYSTEM32\CoreUIComponents.dll
0x00007ffd268d0000 - 0x00007ffd269b1000 	C:\Windows\SYSTEM32\CoreMessaging.dll
0x00007ffd25ff0000 - 0x00007ffd265ae000 	C:\Windows\SYSTEM32\d2d1.dll
0x00007ffd28c90000 - 0x00007ffd28f0e000 	C:\Windows\SYSTEM32\d3d11.dll
0x00007ffd298e0000 - 0x00007ffd29a88000 	C:\Windows\SYSTEM32\PROPSYS.dll
0x00007ffd293f0000 - 0x00007ffd29541000 	C:\Windows\SYSTEM32\wintypes.dll
0x00007ffd2a410000 - 0x00007ffd2a438000 	C:\Windows\SYSTEM32\RMCLIENT.dll
0x00007ffd2afc0000 - 0x00007ffd2aff1000 	C:\Windows\SYSTEM32\ntmarta.dll
0x00007ffd2a880000 - 0x00007ffd2a942000 	C:\Windows\SYSTEM32\dxgi.dll
0x00007ffd2ce70000 - 0x00007ffd2cfdc000 	C:\Windows\System32\MSCTF.dll
0x00007ffcee330000 - 0x00007ffcee457000 	C:\Windows\SYSTEM32\opengl32.dll
0x00007ffcede80000 - 0x00007ffcedeac000 	C:\Windows\SYSTEM32\GLU32.dll
0x00007ffd12fd0000 - 0x00007ffd12ffd000 	C:\Windows\System32\DriverStore\FileRepository\u0395510.inf_amd64_266bc083bb7590df\B395348\atig6pxx.dll
0x00007ffcbc370000 - 0x00007ffcc0a10000 	C:\Windows\System32\DriverStore\FileRepository\u0395510.inf_amd64_266bc083bb7590df\B395348\atio6axx.dll
0x00007ffd2d450000 - 0x00007ffd2d8c6000 	C:\Windows\System32\SETUPAPI.dll
0x00007ffd21760000 - 0x00007ffd21795000 	C:\Windows\SYSTEM32\amdihk64.dll
0x00007ffd2c080000 - 0x00007ffd2c0e1000 	C:\Windows\System32\WINTRUST.dll
0x00007ffd1e1f0000 - 0x00007ffd1e283000 	C:\Windows\System32\TextInputFramework.dll
0x00007ffd192f0000 - 0x00007ffd19372000 	C:\Users\User\AppData\Local\Temp\lwjgl_User\3.3.3+5\x64\lwjgl_stb.dll
0x00007ffd13ad0000 - 0x00007ffd13b7d000 	C:\Windows\SYSTEM32\mscms.dll
0x00007ffd138f0000 - 0x00007ffd13900000 	C:\Windows\SYSTEM32\ColorAdapterClient.dll
0x00007ffd1e5e0000 - 0x00007ffd1e625000 	C:\Windows\SYSTEM32\icm32.dll
0x00007ffd18bb0000 - 0x00007ffd18c0e000 	C:\Users\User\AppData\Local\Temp\lwjgl_User\3.3.3+5\x64\lwjgl_opengl.dll
0x00007ffd1f740000 - 0x00007ffd1f91b000 	C:\Windows\system32\urlmon.dll
0x00007ffd1cdb0000 - 0x00007ffd1d05d000 	C:\Windows\SYSTEM32\iertutil.dll
0x00007ffd1edd0000 - 0x00007ffd1edf6000 	C:\Windows\SYSTEM32\srvcli.dll
0x00007ffd2b210000 - 0x00007ffd2b21e000 	C:\Windows\SYSTEM32\netutils.dll
0x00007ffd0df00000 - 0x00007ffd0e0c7000 	C:\Users\User\AppData\Local\Temp\lwjgl_User\3.3.3+5\x64\OpenAL.dll
0x00007ffd20eb0000 - 0x00007ffd20f20000 	C:\Windows\System32\MMDevApi.dll
0x00007ffd0d910000 - 0x00007ffd0da90000 	C:\Windows\System32\Speech\Common\sapi.dll
0x00007ffd27e60000 - 0x00007ffd27e7c000 	C:\Windows\SYSTEM32\MSACM32.dll
0x00007ffd19510000 - 0x00007ffd1951b000 	C:\Windows\SYSTEM32\msdmo.dll
0x00007ffd081b0000 - 0x00007ffd08343000 	C:\Users\User\.jdks\ms-21.0.10\bin\awt.dll
0x00007ffd279f0000 - 0x00007ffd27a7c000 	C:\Windows\SYSTEM32\apphelp.dll
0x00007ffd20590000 - 0x00007ffd205a2000 	C:\Users\User\.jdks\ms-21.0.10\bin\jsound.dll
0x00007ffd132c0000 - 0x00007ffd13356000 	C:\Windows\SYSTEM32\DSOUND.dll
0x00007ffd1f9f0000 - 0x00007ffd1fa34000 	C:\Windows\SYSTEM32\wdmaud.drv
0x00007ffd27c00000 - 0x00007ffd27c09000 	C:\Windows\SYSTEM32\ksuser.dll
0x00007ffd287d0000 - 0x00007ffd287da000 	C:\Windows\SYSTEM32\AVRT.dll
0x00007ffd1fb70000 - 0x00007ffd1fcba000 	C:\Windows\SYSTEM32\AUDIOSES.DLL
0x00007ffd27fb0000 - 0x00007ffd27fbd000 	C:\Windows\SYSTEM32\msacm32.drv

JVMTI agents:
C:\Program Files\JetBrains\IntelliJ IDEA Community Edition 2025.2.1\lib\idea_rt.jar path:C:\Users\User\.jdks\ms-21.0.10\bin\instrument.dll, loaded, initialized, instrumentlib options:62163

dbghelp: loaded successfully - version: 4.0.5 - missing functions: none
symbol engine: initialized successfully - sym options: 0x614 - pdb path: .;C:\Users\User\.jdks\ms-21.0.10\bin;C:\Windows\SYSTEM32;C:\Windows\WinSxS\amd64_microsoft.windows.common-controls_6595b64144ccf1df_6.0.17763.8281_none_de75db0453470e7f;C:\Users\User\.jdks\ms-21.0.10\bin\server;C:\Users\User\AppData\Local\Temp\jna-2645995;C:\Users\User\AppData\Local\Temp\lwjgl_User\3.3.3+5\x64;C:\Windows\System32\DriverStore\FileRepository\u0395510.inf_amd64_266bc083bb7590df\B395348;C:\Windows\System32\Speech\Common

VM Arguments:
jvm_args: -javaagent:C:\Program Files\JetBrains\IntelliJ IDEA Community Edition 2025.2.1\lib\idea_rt.jar=62163 -Dfile.encoding=UTF-8 -Dsun.stdout.encoding=UTF-8 -Dsun.stderr.encoding=UTF-8 
java_command: mcp.client.Start
java_class_path (initial): C:\Users\User\Desktop\Arix-1.21.11\out\production\MCP-Reborn-1.21;C:\Users\User\Desktop\Arix-1.21.11\lib\lwjgl-stb-3.3.3-natives-windows-arm64.jar;C:\Users\User\Desktop\Arix-1.21.11\lib\netty-transport-native-unix-common-4.2.7.Final.jar;C:\Users\User\Desktop\Arix-1.21.11\lib\datafixerupper-9.0.19.jar;C:\Users\User\Desktop\Arix-1.21.11\lib\fastutil-8.5.18.jar;C:\Users\User\Desktop\Arix-1.21.11\lib\netty-transport-classes-kqueue-4.2.7.Final.jar;C:\Users\User\Desktop\Arix-1.21.11\lib\lwjgl-opengl-3.3.3-natives-windows-x86.jar;C:\Users\User\Desktop\Arix-1.21.11\lib\netty-handler-4.2.7.Final.jar;C:\Users\User\Desktop\Arix-1.21.11\lib\authlib-7.0.61.jar;C:\Users\User\Desktop\Arix-1.21.11\lib\commons-lang3-3.19.0.jar;C:\Users\User\Desktop\Arix-1.21.11\lib\blocklist-1.0.10.jar;C:\Users\User\Desktop\Arix-1.21.11\lib\lwjgl-glfw-3.3.3-natives-windows-x86.jar;C:\Users\User\Desktop\Arix-1.21.11\lib\text2speech-1.18.11.jar;C:\Users\User\Desktop\Arix-1.21.11\lib\icu4j-77.1.jar;C:\Users\User\Desktop\Arix-1.21.11\lib\lwjgl-freetype-3.3.3-natives-windows.jar;C:\Users\User\Desktop\Arix-1.21.11\lib\log4j-slf4j2-impl-2.25.2.jar;C:\Users\User\Desktop\Arix-1.21.11\lib\lwjgl-jemalloc-3.3.3-natives-windows.jar;C:\Users\User\Desktop\Arix-1.21.11\lib\listenablefuture-9999.0-empty-to-avoid-conflict-with-guava.jar;C:\Users\User\Desktop\Arix-1.21.11\lib\lwjgl-freetype-3.3.3-natives-windows-x86.jar;C:\Users\User\Desktop\Arix-1.21.11\lib\log4j-core-2.25.2.jar;C:\Users\User\Desktop\Arix-1.21.11\lib\lwjgl-jemalloc-3.3.3.jar;C:\Users\User\Desktop\Arix-1.21.11\lib\netty-codec-compression-4.2.7.Final.jar;C:\Users\User\Desktop\Arix-1.21.11\lib\kotlin-stdlib-1.8.20.jar;C:\Users\User\Desktop\Arix-1.21.11\lib\jtracy-1.0.37.jar;C:\Users\User\Desktop\Arix-1.21.11\lib\lwjgl-3.3.3.jar;C:\Users\User\Desktop\Arix-1.21.11\lib\lwjgl-openal-3.3.3-natives-windows.jar;C:\Users\User\Desktop\Arix-1.21.11\lib\lwjgl-tinyfd-3.3.3-natives-windows-x86.jar;C:\Users\User\Desktop\Arix-1.21.11\lib\lwjgl-3.3.3-natives-windows-arm64.jar;C:\Users\User\Desktop\Arix-1.21.11\lib\j2objc-annotations-3.1.jar;C:\Users\User\Desktop\Arix-1.21.11\lib\msal4j-1.23.1.jar;C:\Users\User\Desktop\Arix-1.21.11\lib\lwjgl-glfw-3.3.3-natives-windows-arm64.jar;C:\Users\User\Desktop\Arix-1.21.11\lib\brigadier-1.3.10.jar;C:\Users\User\Desktop\Arix-1.21.11\lib\lwjgl-opengl-3.3.3-natives-windows.jar;C:\Users\User\Desktop\Arix-1.21.11\lib\lwjgl-tinyfd-3.3.3.jar;C:\Users\User\Desktop\Arix-1.21.11\lib\lwjgl-tinyfd-3.3.3-natives-windows-arm64.jar;C:\Users\User\Desktop\Arix-1.21.11\lib\jopt-simple-5.0.4.jar;C:\Users\User\Desktop\Arix-1.21.11\lib\lwjgl-glfw-3.3.3-natives-windows.jar;C:\Users\User\Desktop\Arix-1.21.11\lib\jna-platform-5.17.0.jar;C:\Users\User\Desktop\Arix-1.21.11\lib\kotlin-stdlib-common-1.8.20.jar;C:\Users\User\Desktop\Arix-1.21.11\lib\lwjgl-tinyfd-3.3.3-natives-windows.jar;C:\Users\User\Desktop\Arix-1.21.11\lib\error_prone_annotations-2.41.0.jar;C:\Users\User\Desktop\Arix-1.21.11\lib\patchy-2.2.10.jar;C:\Users\User\Desktop\Arix-1.21.11\lib\lwjgl-stb-3.3.3-natives-windows-x86.jar;C:\Users\User\Desktop\Arix-1.21.11\lib\slf4j-api-2.0.17.jar;C:\Users\User\Desktop\Arix-1.21.11\lib\jsr305-3.0.2.jar;C:\Users\User\Desktop\Arix-1.21.11\lib\logging-1.6.11.jar;C:\Users\User\Desktop\Arix-1.21.11\lib\joml-1.10.8.jar;C:\Users\User\Desktop\Arix-1.21.11\lib\netty-buffer-4.2.7.Final.jar;C:\Users\User\Desktop\Arix-1.21.11\lib\lwjgl-freetype-3.3.3-natives-windows-arm64.jar;C:\Users\User\Desktop\Arix-1.21.11\lib\forgespi-3.0.0.jar;C:\Users\User\Desktop\Arix-1.21.11\lib\jorbis-0.0.17.jar;C:\Users\User\Desktop\Arix-1.21.11\lib\jtracy-1.0.37-natives-windows.jar;C:\Users\User\Desktop\Arix-1.21.11\lib\jna-5.17.0.jar;C:\Users\User\Desktop\Arix-1.21.11\lib\java-objc-bridge-1.1.jar;C:\Users\User\Desktop\Arix-1.21.11\lib\commons-compress-1.28.0.jar;C:\Users\User\Desktop\Arix-1.21.11\lib\lwjgl-stb-3.3.3-natives-windows.jar;C:\Users\User\Desktop\Arix-1.21.11\lib\lwjgl-stb-3.3.3.jar;C:\Users\User\Desktop\Arix-1.21.11\lib\kotlin-stdlib-jdk7-1.8.20.jar;C:\Users\User\Desktop\Arix-1.21.11\lib\lwjgl-3.3.3-natives-windows-x86.jar;C:\Users\User\Desktop\Arix-1.21.11\lib\failureaccess-1.0.3.jar;C:\Users\User\Desktop\Arix-1.21.11\lib\annotations-24.0.1.jar;C:\Users\User\Desktop\Arix-1.21.11\lib\lwjgl-jemalloc-3.3.3-natives-windows-arm64.jar;C:\Users\User\Desktop\Arix-1.21.11\lib\azure-json-1.4.0.jar;C:\Users\User\Desktop\Arix-1.21.11\lib\gson-2.13.2.jar;C:\Users\User\Desktop\Arix-1.21.11\lib\lwjgl-3.3.3-natives-windows.jar;C:\Users\User\Desktop\Arix-1.21.11\lib\lwjgl-openal-3.3.3-natives-windows-x86.jar;C:\Users\User\Desktop\Arix-1.21.11\lib\lwjgl-openal-3.3.3.jar;C:\Users\User\Desktop\Arix-1.21.11\lib\commons-io-2.20.0.jar;C:\Users\User\Desktop\Arix-1.21.11\lib\netty-codec-http-4.2.7.Final.jar;C:\Users\User\Desktop\Arix-1.21.11\lib\netty-common-4.2.7.Final.jar;C:\Users\User\Desktop\Arix-1.21.11\lib\commons-codec-1.19.0.jar;C:\Users\User\Desktop\Arix-1.21.11\lib\log4j-api-2.25.2.jar;C:\Users\User\Desktop\Arix-1.21.11\lib\netty-resolver-4.2.7.Final.jar;C:\Users\User\Desktop\Arix-1.21.11\lib\lwjgl-jemalloc-3.3.3-natives-windows-x86.jar;C:\Users\User\Desktop\Arix-1.21.11\lib\netty-codec-base-4.2.7.Final.jar;C:\Users\User\Desktop\Arix-1.21.11\lib\kotlin-stdlib-jdk8-1.8.20.jar;C:\Users\User\Desktop\Arix-1.21.11\lib\lwjgl-openal-3.3.3-natives-windows-arm64.jar;C:\Users\User\Desktop\Arix-1.21.11\lib\oshi-core-6.9.0.jar;C:\Users\User\Desktop\Arix-1.21.11\lib\lwjgl-opengl-3.3.3.jar;C:\Users\User\Desktop\Arix-1.21.11\lib\lwjgl-glfw-3.3.3.jar;C:\Users\User\Desktop\Arix-1.21.11\lib\jspecify-1.0.0.jar;C:\Users\User\Desktop\Arix-1.21.11\lib\lwjgl-opengl-3.3.3-natives-windows-arm64.jar;C:\Users\User\Desktop\Arix-1.21.11\lib\guava-33.5.0-jre.jar;C:\Users\User\Desktop\Arix-1.21.11\lib\netty-transport-4.2.7.Final.jar;C:\Users\User\Desktop\Arix-1.21.11\lib\lwjgl-freetype-3.3.3.jar;C:\Users\User\Desktop\Arix-1.21.11\lib\lz4-java-1.8.1.jar;C:\Users\User\Desktop\Arix-1.21.11\lib\netty-transport-classes-epoll-4.2.7.Final.jar;C:\Users\User\Desktop\Arix-1.21.11\lib\ViaRewind-4.1.0.jar;C:\Users\User\Desktop\Arix-1.21.11\lib\ViaVersion-5.9.0.jar;C:\Users\User\Desktop\Arix-1.21.11\lib\ViaBackwards-5.9.0.jar
Launcher Type: SUN_STANDARD

[Global flags]
     intx CICompilerCount                          = 3                                         {product} {ergonomic}
     uint ConcGCThreads                            = 1                                         {product} {ergonomic}
     uint G1ConcRefinementThreads                  = 4                                         {product} {ergonomic}
   size_t G1HeapRegionSize                         = 1048576                                   {product} {ergonomic}
    uintx GCDrainStackTargetSize                   = 64                                        {product} {ergonomic}
   size_t InitialHeapSize                          = 100663296                                 {product} {ergonomic}
   size_t MarkStackSize                            = 4194304                                   {product} {ergonomic}
   size_t MaxHeapSize                              = 1591738368                                {product} {ergonomic}
   size_t MaxNewSize                               = 954204160                                 {product} {ergonomic}
   size_t MinHeapDeltaBytes                        = 1048576                                   {product} {ergonomic}
   size_t MinHeapSize                              = 8388608                                   {product} {ergonomic}
    uintx NonNMethodCodeHeapSize                   = 5832780                                {pd product} {ergonomic}
    uintx NonProfiledCodeHeapSize                  = 122912730                              {pd product} {ergonomic}
    uintx ProfiledCodeHeapSize                     = 122912730                              {pd product} {ergonomic}
    uintx ReservedCodeCacheSize                    = 251658240                              {pd product} {ergonomic}
     bool SegmentedCodeCache                       = true                                      {product} {ergonomic}
   size_t SoftMaxHeapSize                          = 1591738368                             {manageable} {ergonomic}
     bool UseCompressedOops                        = true                           {product lp64_product} {ergonomic}
     bool UseG1GC                                  = true                                      {product} {ergonomic}
     bool UseLargePagesIndividualAllocation        = false                                  {pd product} {ergonomic}

Logging:
Log output configuration:
 #0: stdout all=warning uptime,level,tags foldmultilines=false
 #1: stderr all=off uptime,level,tags foldmultilines=false

Release file:
IMPLEMENTOR="Microsoft" 
IMPLEMENTOR_VERSION="Microsoft-13106404" 
JAVA_RUNTIME_VERSION="21.0.10+7-LTS" 
JAVA_VERSION="21.0.10" 
JAVA_VERSION_DATE="2026-01-20" 
LIBC="default" 
MODULES="java.base java.compiler java.datatransfer java.xml java.prefs java.desktop java.instrument java.logging java.management java.security.sasl java.naming java.rmi java.management.rmi java.net.http java.scripting java.security.jgss java.transaction.xa java.sql java.sql.rowset java.xml.crypto java.se java.smartcardio jdk.accessibility jdk.internal.jvmstat jdk.attach jdk.charsets jdk.internal.opt jdk.zipfs jdk.compiler jdk.crypto.ec jdk.crypto.cryptoki jdk.crypto.mscapi jdk.dynalink jdk.internal.ed jdk.editpad jdk.hotspot.agent jdk.httpserver jdk.incubator.vector jdk.internal.le jdk.internal.vm.ci jdk.internal.vm.compiler jdk.internal.vm.compiler.management jdk.jartool jdk.javadoc jdk.jcmd jdk.management jdk.management.agent jdk.jconsole jdk.jdeps jdk.jdwp.agent jdk.jdi jdk.jfr jdk.jlink jdk.jpackage jdk.jshell jdk.jsobject jdk.jstatd jdk.localedata jdk.management.jfr jdk.naming.dns jdk.naming.rmi jdk.net jdk.nio.mapmode jdk.random jdk.sctp jdk.security.auth jdk.security.jgss jdk.unsupported jdk.unsupported.desktop jdk.xml.dom" 
OS_ARCH="x86_64" 
OS_NAME="Windows" 
SOURCE=".:git:e69b6ef7382e" 

Environment Variables:
JAVA_HOME=C:\Program Files\Eclipse Adoptium\jdk-17.0.1.12-hotspot\
PATH=C:\Program Files\Eclipse Adoptium\jdk-17.0.1.12-hotspot\bin;C:\Windows\system32;C:\Windows;C:\Windows\System32\Wbem;C:\Windows\System32\WindowsPowerShell\v1.0\;C:\Windows\System32\OpenSSH\;C:\Program Files\dotnet\;C:\Program Files\Git\cmd;C:\Users\User\AppData\Local\Microsoft\WindowsApps;C:\Program Files\JetBrains\IntelliJ IDEA Community Edition 2025.2.1\bin;C:\Users\User\AppData\Local\Programs\Kiro\bin;C:\Users\User\AppData\Local\Programs\cursor\resources\app\bin
USERNAME=User
OS=Windows_NT
PROCESSOR_IDENTIFIER=AMD64 Family 23 Model 24 Stepping 1, AuthenticAMD
TMP=C:\Users\User\AppData\Local\Temp
TEMP=C:\Users\User\AppData\Local\Temp




Periodic native trim disabled

---------------  S Y S T E M  ---------------

OS:
 Windows 10 , 64 bit Build 17763 (10.0.17763.8276)
OS uptime: 3 days 2:44 hours

CPU: total 4 (initial active 4) (4 cores per cpu, 2 threads per core) family 23 model 24 stepping 1 microcode 0x0, cx8, cmov, fxsr, ht, mmx, 3dnowpref, sse, sse2, sse3, ssse3, sse4a, sse4.1, sse4.2, popcnt, lzcnt, tsc, tscinvbit, avx, avx2, aes, clmul, bmi1, bmi2, adx, sha, fma, vzeroupper, clflush, clflushopt, rdtscp, f16c
Processor Information for the first 4 processors :
  Max Mhz: 2600, Current Mhz: 2600, Mhz Limit: 2600

Memory: 4k page, system-wide physical 6064M (47M free)
TotalPageFile size 16064M (AvailPageFile size 3M)
current process WorkingSet (physical memory assigned to process): 3644M, peak: 4792M
current process commit charge ("private bytes"): 9761M, peak: 9762M

vm_info: OpenJDK 64-Bit Server VM (21.0.10+7-LTS) for windows-amd64 JRE (21.0.10+7-LTS), built on 2026-01-15T18:39:42Z by "MicrosoftCorporation" with MS VC++ 17.14 (VS2022)

END.
